Years;Technologies;F;f_min;f_max;F_year
YEAR_2021;CCGT;1.49249;1.49249;1.49249;5335.338091430933
YEAR_2021;PV;0.1703;0.1703;0.1703;350.5000015620532
YEAR_2021;WIND_ONSHORE;0.1278;0.1278;0.1278;119.60000313565017
YEAR_2021;HYDRO_DAM;0.3719205;0.37192;0.371921;1355.768385590061
YEAR_2021;HYDRO_RIVER;0.36372;0.36372;0.36372;1884.9887372966305
YEAR_2021;OCGT;1.05133;1.05133;1.05133;1134.6934851610447
YEAR_2021;GENSET_DIESEL;0.1138605;0.11386;0.113861;243.96127701591604
YEAR_2021;ST_BIOMASS;0.12663;0.12663;0.12663;454.7983197350872
YEAR_2021;ST_SNG;0.001;0.001;0.001;
YEAR_2021;CONVENTIONAL_BULB;0.013281857;0.013281857;inf;82.48831816826043
YEAR_2021;LED_BULB;0.00253541;0.00253541;0.00253541;22.2101916
YEAR_2021;CONVENTIONAL_LIGHT;0.008017991012515342;0.008017991;inf;54.13280625848672
YEAR_2021;IND_BOILER_GAS;0.967876743;0.967866743;0.967876743;8006.342229579583
YEAR_2021;IND_BOILER_WOOD;0.625339833;0.625329833;0.625339833;4900.598168046172
YEAR_2021;IND_BOILER_OIL;0.00157342902883894;0.001563429;0.001573429;13.015512681231627
YEAR_2021;IND_BOILER_DIESEL;0.2189957272486675;;inf;128.9929776540089
YEAR_2021;IND_BOILER_LPG;0.017767712;0.017757712;0.017767712;146.9757219303459
YEAR_2021;DHN_BOILER_GAS;;;inf;
YEAR_2021;DHN_BOILER_OIL;;;inf;
YEAR_2021;DEC_BOILER_GAS;0.019578508;0.019578508;0.019578508;135.7493016805697
YEAR_2021;DEC_SOLAR;0.007401701;0.007391701;0.007401701;11.766624594754434
YEAR_2021;DEC_DIRECT_ELEC;0.1715376119314664;;inf;1177.7832232259225
YEAR_2021;IND_ELEC_COLD;;;inf;
YEAR_2021;DEC_ELEC_COLD;0.0224247672527103;;inf;97.93410406403119
YEAR_2021;REFRIGERATOR_EL;0.03902744866438356;;inf;341.8804503
YEAR_2021;STOVE_WOOD;0.014329069;0.014319069;0.014329069;125.52263297932562
YEAR_2021;STOVE_LPG;0.4248560560122016;0.424846056;0.424856056;3721.7390467162145
YEAR_2021;STOVE_NG;0.128380791;0.128370791;0.128380791;1124.6157199274035
YEAR_2021;STOVE_OIL;0.001978933;0.001968933;0.001978933;17.335432437671855
YEAR_2021;STOVE_ELEC;0.035845593;0.035835593;0.035845593;58.50963602622518
YEAR_2021;TRAMWAY_TROLLEY;0.07905341409776216;;inf;352.7184704300297
YEAR_2021;CAR_FG_PUBLIC;0.01440012274816825;;inf;64.25010472949808
YEAR_2021;BUS_FG_PUBLIC;1.24775562562767;;inf;5567.203439723261
YEAR_2021;PICKUP_TRUCK_FG_PUBLIC;0.001573014521500651;;inf;7.018443292429224
YEAR_2021;SUV_FG_PUBLIC;0.004674119481427901;;inf;20.854878035899723
YEAR_2021;MOTORCYCLE_FG_PUBLIC;0.002244905239864693;;inf;10.01622835123676
YEAR_2021;CAR_GASOLINE_PUBLIC;0.127009805316633;;inf;566.6890417963943
YEAR_2021;BUS_GASOLINE_PUBLIC;11.00526745836333;;inf;49103.01458519281
YEAR_2021;PICKUP_TRUCK_GASOLINE_PUBLIC;0.01387408154341503;;inf;61.90302735259644
YEAR_2021;SUV_GASOLINE_PUBLIC;0.04122600368142974;;inf;183.9411190065142
YEAR_2021;MOTORCYCLE_GASOLINE_PUBLIC;0.01979988252363429;;inf;88.34259189971534
YEAR_2021;CAR_DIESEL_PUBLIC;0.04022863101850097;;inf;179.49106771181712
YEAR_2021;BUS_DIESEL_PUBLIC;3.485769291179906;;inf;15552.714293743229
YEAR_2021;PICKUP_TRUCK_DIESEL_PUBLIC;0.00439442625357096;;inf;19.60694969987601
YEAR_2021;SUV_DIESEL_PUBLIC;0.01305777474980146;;inf;58.260851012970775
YEAR_2021;MOTORCYCLE_DIESEL_PUBLIC;0.006271346961510552;;inf;27.981310439617346
YEAR_2021;CAR_BEV;0.1328441271628238;;inf;136.4326625746233
YEAR_2021;CAR_FG_PRIVATE;0.3767474911607387;;inf;1680.9621050300466
YEAR_2021;BUS_FG_PRIVATE;4.278484228562613;;inf;19089.62905904003
YEAR_2021;PICKUP_TRUCK_FG_PRIVATE;0.02680232162905067;;inf;119.58589782895004
YEAR_2021;SUV_FG_PRIVATE;0.09564897994050471;;inf;426.7641177102623
YEAR_2021;MOTORCYCLE_FG_PRIVATE;0.08199239695803241;;inf;365.83153284551025
YEAR_2021;CAR_GASOLINE_PRIVATE;3.322931825068285;;inf;14826.170330501232
YEAR_2021;BUS_GASOLINE_PRIVATE;37.73644613139585;;inf;168371.48863274133
YEAR_2021;PICKUP_TRUCK_GASOLINE_PRIVATE;0.2363978270658304;;inf;1054.7536435738798
YEAR_2021;SUV_GASOLINE_PRIVATE;0.8436288151309287;;inf;3764.08098850871
YEAR_2021;MOTORCYCLE_GASOLINE_PRIVATE;0.723177031426075;;inf;3226.652369495693
YEAR_2021;CAR_DIESEL_PRIVATE;1.052493615821013;;inf;4695.988494920987
YEAR_2021;BUS_DIESEL_PRIVATE;11.95250776737533;;inf;53329.38662745633
YEAR_2021;PICKUP_TRUCK_DIESEL_PRIVATE;0.07487580703887094;;inf;334.07891802571993
YEAR_2021;SUV_DIESEL_PRIVATE;0.2672079913944314;;inf;1192.2216291643408
YEAR_2021;MOTORCYCLE_DIESEL_PRIVATE;0.2290565221623488;;inf;1021.9984013128004
YEAR_2021;TRAIN_FREIGHT;0.2660976712584595;;inf;798.2930127854954
YEAR_2021;BOAT_FREIGHT_DIESEL;0.054723542475723;;inf;54.72354240786573
YEAR_2021;TRUCK_FG;0.1117275092129446;;inf;955.239554118747
YEAR_2021;VAN_FG;0.000944949724697737;;inf;8.079060922807354
YEAR_2021;TRUCK_GASOLINE;0.9854422508147759;;inf;8425.260912994736
YEAR_2021;VAN_GASOLINE;0.008334504173191433;;inf;71.25772431770832
YEAR_2021;CARGO_MOTORCYCLE_GASOLINE;5.987384100537443e-06;;inf;0.052449484720708005
YEAR_2021;TRUCK_DIESEL_P;0.3121254755034719;;inf;2668.587191725337
YEAR_2021;VAN_DIESEL;0.002639841199468597;;inf;22.56991808094942
YEAR_2021;CARGO_MOTORCYCLE_DIESEL;2.11587729145185e-06;;inf;0.018535085073118206
YEAR_2021;AIR_LFO;2.225525682856701;;inf;2225.5256800970465
YEAR_2021;COMM_MACHINERY_DIESEL;0.006687241;0.006677241;0.006687241;58.58019485248952
YEAR_2021;COMM_MACHINERY_EL;0.002102966276333803;;inf;18.42175156751048
YEAR_2021;IND_MACHINERY_EL;0.1805309755707764;;inf;1581.451346
YEAR_2021;TRACTOR_DIESEL;0.005721380251141554;;inf;50.119291
YEAR_2021;AGR_MACHINERY_DIESEL;0.014675345;0.014665345;0.014675345;128.55600375876045
YEAR_2021;AGR_MACHINERY_EL;0.01146210747637068;;inf;100.40768424123954
YEAR_2021;MIN_MACHINERY_DIESEL;0.104667994;0.104657994;0.104667994;916.8916080935066
YEAR_2021;MIN_MACHINERY_EL;0.0721965793373393;;inf;632.4416519064935
YEAR_2021;FISH_MACHINERY_DIESEL;0.021809699;0.021799699;0.021809699;191.05294254591678
YEAR_2021;FISH_MACHINERY_EL;0.02951012835723048;;inf;258.5083419540832
YEAR_2021;OIL_TO_HVC;0.02464461832798667;;inf;214.59152548499532
YEAR_2021;GAS_TO_HVC;0.1774456252127547;;inf;1545.097124515005
YEAR_2021;DAM_STORAGE;567.58901;567.589;567.58901;-0.3879443548033125
YEAR_2021;BEV_BATT;0.1317898086932776;;inf;-2.4981804420586933
YEAR_2021;GASOLINE_STORAGE;1290.434797569;1290.434797569;1290.434807569;-2.2720936243558754e-10
YEAR_2021;DIESEL_STORAGE;1344.914794752;1344.914794752;1344.914804752;1.6562751170567935e-11
YEAR_2021;LFO_STORAGE;233.308941;233.308941;233.308951;-1.6643519895609415e-11
YEAR_2021;LPG_STORAGE;957.089768487;957.089768487;957.089778487;3.5117551089314247e-09
YEAR_2021;EFFICIENCY;0.142857143;;inf;
YEAR_2021;GRID;1.0;;inf;
YEAR_2021;FERMENTATION_TO_BIOETHANOL;0.02602024700309045;0.026010247;0.026020247;209.7023772987991
YEAR_2025;CCGT;1.492489999894505;;1.49249;11113.080539798826
YEAR_2025;PV;0.1703;0.1703;0.1703;359.5891583614876
YEAR_2025;WIND_ONSHORE;0.1728;0.1728;0.1728;508.387138312896
YEAR_2025;HYDRO_DAM;0.3719205;0.37192;0.371921;1355.768403517726
YEAR_2025;HYDRO_RIVER;0.36372;0.36372;0.36372;1884.9887538535015
YEAR_2025;GEOTHERMAL;0.005;0.005;0.005;40.033187749713086
YEAR_2025;OCGT;0.8447948490497472;;1.05133;2684.2481708479354
YEAR_2025;GENSET_DIESEL;1.76041439951286e-06;;0.113861;5.5033345284503585e-05
YEAR_2025;ST_BIOMASS;0.22563;0.22563;0.22563;0.0015438044833049735
YEAR_2025;ST_SNG;0.001;0.001;0.001;0.00017776188934321785
YEAR_2025;FUEL_CELL;3.401047018284107e-08;;inf;3.6165526926000815e-06
YEAR_2025;CONVENTIONAL_BULB;;;inf;
YEAR_2025;LED_BULB;0.016492477060827;;inf;111.34761816161814
YEAR_2025;CONVENTIONAL_LIGHT;1.014039966752612e-08;;inf;1.4312553615851778e-05
YEAR_2025;LED_LIGHT;0.008459590978916201;;inf;57.11429510216575
YEAR_2025;IND_COGEN_WOOD;1.252744298873322;;inf;1549.0305558017099
YEAR_2025;IND_BOILER_GAS;0.967866743;0.967866743;0.967866743;8006.259477689822
YEAR_2025;IND_BOILER_WOOD;0.625339833;0.625329833;0.625339833;4900.598165992168
YEAR_2025;IND_BOILER_OIL;0.001570208671018056;0.001563429;0.001573429;7.973751369793682e-05
YEAR_2025;IND_DIRECT_ELEC;2.692298068705733e-07;;inf;0.0004566004118712374
YEAR_2025;IND_BOILER_DIESEL;0.2189957272486675;;inf;5.234360861231983e-05
YEAR_2025;IND_BOILER_LPG;0.017767712;0.017757712;0.017767712;0.0007273239626806956
YEAR_2025;DHN_BOILER_GAS;;;inf;
YEAR_2025;DHN_BOILER_OIL;;;inf;
YEAR_2025;DEC_BOILER_GAS;0.03696334296744119;;inf;135.7493382940909
YEAR_2025;DEC_SOLAR;167.9046;0.009034302;48700.0;522.1095519461527
YEAR_2025;DEC_DIRECT_ELEC;0.1715376119314664;;inf;740.4345080937916
YEAR_2025;IND_ELEC_COLD;;;inf;
YEAR_2025;DEC_ELEC_COLD;0.023659868780118;;inf;103.32807583424747
YEAR_2025;REFRIGERATOR_EL;0.04117698538812786;;inf;360.710392
YEAR_2025;STOVE_WOOD;0.014329069;;inf;8.041934655546934e-05
YEAR_2025;STOVE_LPG;129095.7728726786;;inf;0.00114103968223357
YEAR_2025;STOVE_NG;0.6079610258933467;;inf;5325.736897745152
YEAR_2025;STOVE_OIL;0.001978933;;inf;4.400718591358806e-05
YEAR_2025;STOVE_ELEC;0.035845593;;inf;0.0005418879566675562
YEAR_2025;TRAMWAY_TROLLEY;0.08340749138740489;;inf;372.14537057583686
YEAR_2025;CAR_FG_PUBLIC;3.609708036082033e-08;;inf;5.7812354068267335e-06
YEAR_2025;BUS_FG_PUBLIC;4.096725497602306e-08;;inf;0.00012981002256017024
YEAR_2025;PICKUP_TRUCK_FG_PUBLIC;4.064120294768177e-08;;inf;8.693290631216948e-07
YEAR_2025;SUV_FG_PUBLIC;4.042084237272321e-08;;inf;2.4799371752868804e-06
YEAR_2025;MOTORCYCLE_FG_PUBLIC;0.002245007485319964;;inf;10.016684726793113
YEAR_2025;CAR_GASOLINE_PUBLIC;3.312962662990558e-08;;inf;4.3149607239917736e-07
YEAR_2025;BUS_GASOLINE_PUBLIC;4.79521320480947e-08;;inf;0.00011413739974511962
YEAR_2025;PICKUP_TRUCK_GASOLINE_PUBLIC;3.362649806450739e-08;;inf;2.7786182195524126e-07
YEAR_2025;SUV_GASOLINE_PUBLIC;3.852431606224076e-08;;inf;3.7878735155908695e-07
YEAR_2025;MOTORCYCLE_GASOLINE_PUBLIC;7.097896096802048e-07;;inf;1.2607360053729832e-06
YEAR_2025;CAR_DIESEL_PUBLIC;3.887650944102249e-08;;inf;5.40664291659541e-07
YEAR_2025;BUS_DIESEL_PUBLIC;3.203172189253558e-08;;inf;1.1367578314136284e-05
YEAR_2025;PICKUP_TRUCK_DIESEL_PUBLIC;4.18234035066695e-08;;inf;2.0882048945819812e-07
YEAR_2025;SUV_DIESEL_PUBLIC;3.570921550572579e-08;;inf;2.2330832633408032e-07
YEAR_2025;MOTORCYCLE_DIESEL_PUBLIC;6.427450978482906e-07;;inf;9.134461905467692e-07
YEAR_2025;BUS_ELEC_PUBLIC;4.778777528301088e-09;;inf;2.343921832182129e-06
YEAR_2025;PICKUP_TRUCK_ELEC_PUBLIC;7.379869496146819e-09;;inf;2.45839300973513e-06
YEAR_2025;SUV_ELEC_PUBLIC;7.379869809969535e-09;;inf;2.4583930272432537e-06
YEAR_2025;MOTORCYCLE_ELEC_PUBLIC;16.90805968502695;;inf;75439.93842222495
YEAR_2025;CAR_BEV;0.1403748286995751;;inf;143.94702514540018
YEAR_2025;CAR_FG_PRIVATE;0.3767474911607387;;inf;8.106521064066332e-06
YEAR_2025;BUS_FG_PRIVATE;22.46984795589723;;inf;100255.38007772739
YEAR_2025;PICKUP_TRUCK_FG_PRIVATE;0.02680232162905067;;inf;8.528400588382095e-07
YEAR_2025;SUV_FG_PRIVATE;0.09564897994050471;;inf;2.560615209093523e-06
YEAR_2025;MOTORCYCLE_FG_PRIVATE;0.08199240375935579;;inf;365.8315631914771
YEAR_2025;CAR_GASOLINE_PRIVATE;3.322931825068285;;inf;7.904782633150951e-07
YEAR_2025;BUS_GASOLINE_PRIVATE;37.73644613139585;;inf;152795.30719245478
YEAR_2025;PICKUP_TRUCK_GASOLINE_PRIVATE;0.2363978270658304;;inf;3.239667100891013e-07
YEAR_2025;SUV_GASOLINE_PRIVATE;0.8436288151309287;;inf;4.2986142291016886e-07
YEAR_2025;MOTORCYCLE_GASOLINE_PRIVATE;0.723177031426075;;inf;5.759720781781488e-07
YEAR_2025;CAR_DIESEL_PRIVATE;1.052493615821013;;inf;7.807956309814769e-07
YEAR_2025;BUS_DIESEL_PRIVATE;11.95250776737533;;inf;0.0003661037979112781
YEAR_2025;PICKUP_TRUCK_DIESEL_PRIVATE;0.07487580703887094;;inf;2.416673297351889e-07
YEAR_2025;SUV_DIESEL_PRIVATE;0.2672079913944314;;inf;2.583067672473289e-07
YEAR_2025;MOTORCYCLE_DIESEL_PRIVATE;0.2290565221623488;;inf;8.279027609444251e-07
YEAR_2025;BUS_ELEC_PRIVATE;6.920153759995585e-09;;inf;3.08761611011519e-05
YEAR_2025;PICKUP_TRUCK_ELEC_PRIVATE;1.46175267026625e-09;;inf;6.522009842915472e-06
YEAR_2025;SUV_ELEC_PRIVATE;1.461752670632274e-09;;inf;6.522009844548586e-06
YEAR_2025;MOTORCYCLE_ELEC_PRIVATE;7.877307319155606;;inf;35146.76382417357
YEAR_2025;TRAIN_FREIGHT;0.2807536761929408;;inf;842.2610275344188
YEAR_2025;TRAIN_FREIGHT_ELEC;9.749427209464184e-09;;inf;1.7627237349771008e-05
YEAR_2025;BOAT_FREIGHT_DIESEL;0.05472354462501782;;inf;54.72354455716062
YEAR_2025;BOAT_FREIGHT_ELEC;0.0003440681637240537;;inf;3.0140371142227105
YEAR_2025;TRUCK_ELEC;7.395307898819666e-09;;inf;5.998416433213426e-06
YEAR_2025;TRUCK_FG;1.081419122254461;;inf;9245.836834946233
YEAR_2025;VAN_FG;0.000944949724697737;;inf;1.4099821310265017e-06
YEAR_2025;TRUCK_GASOLINE;0.9854422508147759;;inf;3574.4795492042713
YEAR_2025;VAN_GASOLINE;0.008334504173191433;;inf;9.75480261517575e-08
YEAR_2025;CARGO_MOTORCYCLE_GASOLINE;5.987384100537443e-06;;inf;3.293199476928887e-07
YEAR_2025;TRUCK_DIESEL_P;0.3121254755034719;;inf;3.788486446389771e-06
YEAR_2025;VAN_DIESEL;0.002639841199468597;;inf;1.533065430588587e-07
YEAR_2025;CARGO_MOTORCYCLE_DIESEL;2.11587729145185e-06;;inf;7.63135857938867e-08
YEAR_2025;VAN_ELEC;7.780707593320892e-11;;inf;6.815899851749101e-07
YEAR_2025;CARGO_MOTORCYCLE_ELEC;4.081778098214164e-11;;inf;3.575637614035606e-07
YEAR_2025;AIR_LFO;2.348102210160104;;inf;2348.102207248459
YEAR_2025;COMM_MACHINERY_DIESEL;0.006687241;;inf;5.738374626217298e-05
YEAR_2025;COMM_MACHINERY_EL;0.009274316271981364;;inf;81.24296861625373
YEAR_2025;IND_MACHINERY_EL;0.1965025600456621;;inf;1721.362426
YEAR_2025;TRACTOR_DIESEL;0.005721380251141554;;inf;0.00017366992424983855
YEAR_2025;TRACTOR_EL;0.006036494427833363;;inf;52.87956533007575
YEAR_2025;AGR_MACHINERY_DIESEL;0.014675345;;inf;2.0031636391987934e-05
YEAR_2025;AGR_MACHINERY_EL;0.02757699189497717;;inf;241.5744289683636
YEAR_2025;MIN_MACHINERY_DIESEL;0.104667994;;inf;2.0348453534824174e-05
YEAR_2025;MIN_MACHINERY_EL;0.1957554670091324;;inf;1714.8178706515464
YEAR_2025;FISH_MACHINERY_DIESEL;0.021809699;;inf;1.8515886691300443e-05
YEAR_2025;FISH_MACHINERY_EL;0.0541463497716895;;inf;474.32200548411333
YEAR_2025;OIL_TO_HVC;5.808350339242852e-06;;inf;5.7729996866557884e-05
YEAR_2025;GAS_TO_HVC;6.042488528712147e-06;;inf;0.0025420388622422463
YEAR_2025;BIOMASS_TO_HVC;0.2132205814764633;;inf;1856.6054199714151
YEAR_2025;DAM_STORAGE;567.58901;567.589;567.58901;-7.3698606049491815
YEAR_2025;BATT_LI;5.245635269038505e-07;;inf;-3.509056088806805e-05
YEAR_2025;BEV_BATT;0.139260742757515;;inf;-2.636109985606429
YEAR_2025;H2_STORAGE;0.0003519522043869805;;inf;-9.887239331681156e-06
YEAR_2025;GASOLINE_STORAGE;37.46331787512661;;inf;8.31796298506049e-11
YEAR_2025;DIESEL_STORAGE;0.759290083473946;;inf;3.57881200369059e-10
YEAR_2025;LFO_STORAGE;0.9928189356464272;;inf;2.7110295345439406e-12
YEAR_2025;LPG_STORAGE;0.7168886734042079;;inf;1.3117059261685826e-10
YEAR_2025;EFFICIENCY;0.285714286;;inf;
YEAR_2025;GRID;1.0;;inf;
YEAR_2025;H2_ELECTROLYSIS;;;inf;
YEAR_2025;SYN_METHANATION;;;inf;
YEAR_2025;FERMENTATION_TO_BIOETHANOL;0.2765738399762567;0.026010247;0.27657384;2228.9638881933797
YEAR_2025;ESTERIFICATION_TO_BIODIESEL;0.811682934;0.811682934;0.811682934;67.50416651172822
YEAR_2025;BIOMASS_TO_GASOLINE;9.52607124513327e-08;;inf;0.000761039147563317
YEAR_2025;BIOMASS_TO_DIESEL;2.638218800010557e-08;;inf;0.00018252339363977442
YEAR_2025;BIOMASS_TO_JET_FUEL;4.125140980697106e-08;;inf;0.0003089434764298545
YEAR_2025;POWER_TO_GASOLINE;2.383079368142484e-08;;inf;0.00015538648668325458
YEAR_2025;POWER_TO_DIESEL;1.689611334910424e-08;;inf;6.72467446334981e-05
YEAR_2025;POWER_TO_JET_FUEL;2.105366145718548e-08;;inf;0.00012138525142142878
YEAR_2025;H2_TO_GASOLINE;1.477318787302224e-08;;inf;3.903403875535595e-06
YEAR_2025;H2_TO_DIESEL;1.456828511097938e-08;;inf;3.609406598558402e-06
YEAR_2025;H2_TO_JET_FUEL;1.452528554441254e-08;;inf;3.6356003454823953e-06
YEAR_2030;CCGT;1.492489999701124;;1.49249;11113.08052208908
YEAR_2030;PV;2.100404858456155;0.1703;40000.0;4435.013538168833
YEAR_2030;WIND_ONSHORE;0.1728000548600616;0.1728;260.0;508.3871441306985
YEAR_2030;HYDRO_DAM;0.3719205;0.37192;0.371921;1355.768403517726
YEAR_2030;HYDRO_RIVER;0.36372;0.36372;0.36372;1884.9887538535015
YEAR_2030;GEOTHERMAL;0.055;0.055;0.055;440.36519820388435
YEAR_2030;OCGT;0.354733242327913;;1.05133;1382.4263447902508
YEAR_2030;GENSET_DIESEL;1.755973040173071e-06;;0.113861;8.231638833161149e-05
YEAR_2030;ST_BIOMASS;0.2256300093210346;0.22563;1.213753333;1715.6183620663253
YEAR_2030;ST_SNG;0.001;0.001;0.001;0.0003768139469742496
YEAR_2030;FUEL_CELL;5.452004451968358e-08;;inf;3.7807073206072285e-06
YEAR_2030;CONVENTIONAL_BULB;;;inf;
YEAR_2030;LED_BULB;0.017702201625713;;inf;119.51497521992177
YEAR_2030;CONVENTIONAL_LIGHT;1.009358690188357e-08;;inf;1.1963373335622217e-05
YEAR_2030;LED_LIGHT;0.008996850543115721;;inf;60.74156103312249
YEAR_2030;IND_COGEN_WOOD;1.83675706409398;;inf;13594.434140648314
YEAR_2030;IND_BOILER_GAS;0.967866743;0.967866743;0.967866743;2326.4806917568662
YEAR_2030;IND_BOILER_WOOD;0.625339833;0.625329833;0.625339833;0.002000348168321115
YEAR_2030;IND_BOILER_OIL;0.00157022056829019;0.001563429;0.001573429;7.90387226590432e-05
YEAR_2030;IND_DIRECT_ELEC;2.692298068705733e-07;;inf;0.00019135170359495048
YEAR_2030;IND_BOILER_DIESEL;0.2189957272486675;;inf;6.309453885151876e-05
YEAR_2030;IND_BOILER_LPG;0.017767712;0.017757712;0.017767712;0.0002729473356077635
YEAR_2030;DHN_BOILER_GAS;;;inf;
YEAR_2030;DHN_BOILER_OIL;;;inf;
YEAR_2030;DEC_BOILER_GAS;0.1384760698315054;;inf;508.5557555511083
YEAR_2030;DEC_SOLAR;167.9046;0.011087552;48700.0;699.5439493533012
YEAR_2030;DEC_DIRECT_ELEC;0.1715376119314664;;inf;278.99769052175543
YEAR_2030;IND_ELEC_COLD;;;inf;
YEAR_2030;DEC_ELEC_COLD;0.025162479660618;;inf;109.89032233073438
YEAR_2030;REFRIGERATOR_EL;0.04379208812785388;;inf;383.618692
YEAR_2030;STOVE_WOOD;6.786644238217308e-08;;inf;0.00011174684910395937
YEAR_2030;STOVE_LPG;129073.2047132643;;inf;0.0038548352840306645
YEAR_2030;STOVE_NG;0.6465719028389235;;inf;5663.965808810819
YEAR_2030;STOVE_OIL;2.960827264093561e-08;;inf;5.161129674599873e-05
YEAR_2030;STOVE_ELEC;2.816360561605445e-07;;inf;0.0003896041147173167
YEAR_2030;TRAMWAY_TROLLEY;0.08870460514863826;;inf;395.77989387658647
YEAR_2030;CAR_FG_PUBLIC;3.012820984870084e-08;;inf;2.4909096660697615e-06
YEAR_2030;BUS_FG_PUBLIC;3.332876032539423e-08;;inf;1.7328721648666216e-05
YEAR_2030;PICKUP_TRUCK_FG_PUBLIC;3.314911036894134e-08;;inf;6.436090802135672e-07
YEAR_2030;SUV_FG_PUBLIC;3.23555541701319e-08;;inf;1.4216484287681812e-06
YEAR_2030;MOTORCYCLE_FG_PUBLIC;6.168049396259329e-06;;inf;0.02731393065815888
YEAR_2030;CAR_GASOLINE_PUBLIC;2.623892276594721e-08;;inf;9.946235025804008e-07
YEAR_2030;BUS_GASOLINE_PUBLIC;3.853883484782662e-08;;inf;0.00012177263215585079
YEAR_2030;PICKUP_TRUCK_GASOLINE_PUBLIC;2.756470700757504e-08;;inf;4.713619526159753e-07
YEAR_2030;SUV_GASOLINE_PUBLIC;3.110236669102036e-08;;inf;6.286833923149161e-07
YEAR_2030;MOTORCYCLE_GASOLINE_PUBLIC;6.211510434241154e-07;;inf;9.911750482482387e-07
YEAR_2030;CAR_DIESEL_PUBLIC;3.119152198824958e-08;;inf;7.222680953935881e-07
YEAR_2030;BUS_DIESEL_PUBLIC;2.737796196677349e-08;;inf;6.525028358764673e-06
YEAR_2030;PICKUP_TRUCK_DIESEL_PUBLIC;3.361434029030724e-08;;inf;2.788256175510004e-07
YEAR_2030;SUV_DIESEL_PUBLIC;2.869545536280923e-08;;inf;3.032441682226181e-07
YEAR_2030;MOTORCYCLE_DIESEL_PUBLIC;5.757050988650332e-07;;inf;7.349075357381741e-07
YEAR_2030;BUS_ELEC_PUBLIC;6.608032563253961e-09;;inf;2.8392415705568353e-06
YEAR_2030;PICKUP_TRUCK_ELEC_PUBLIC;1.168222053407622e-08;;inf;2.7360348548302835e-06
YEAR_2030;SUV_ELEC_PUBLIC;1.168221961867535e-08;;inf;2.7360348121936332e-06
YEAR_2030;MOTORCYCLE_ELEC_PUBLIC;17.98425246404068;;inf;80241.66737397034
YEAR_2030;CAR_BEV;0.1492055446639646;;inf;153.08893519203258
YEAR_2030;CAR_FG_PRIVATE;5.484614284836313e-10;;inf;2.447110860675342e-06
YEAR_2030;BUS_FG_PRIVATE;22.46984795589723;;inf;88545.79737331392
YEAR_2030;PICKUP_TRUCK_FG_PRIVATE;1.42068659179015e-10;;inf;6.33878228774892e-07
YEAR_2030;SUV_FG_PRIVATE;2.898713703730816e-10;;inf;1.2933405008990216e-06
YEAR_2030;MOTORCYCLE_FG_PRIVATE;9.659961540179844e-09;;inf;4.310056381546566e-05
YEAR_2030;CAR_GASOLINE_PRIVATE;2.638876057761926e-10;;inf;1.1774068194328944e-06
YEAR_2030;BUS_GASOLINE_PRIVATE;37.73644613139585;;inf;62016.68148544943
YEAR_2030;PICKUP_TRUCK_GASOLINE_PRIVATE;1.115557529730906e-10;;inf;4.977365417036123e-07
YEAR_2030;SUV_GASOLINE_PRIVATE;1.526467746787755e-10;;inf;6.810753879197209e-07
YEAR_2030;MOTORCYCLE_GASOLINE_PRIVATE;2.036259636199302e-10;;inf;9.085330001555158e-07
YEAR_2030;CAR_DIESEL_PRIVATE;1.977860202216461e-10;;inf;8.824764934013732e-07
YEAR_2030;BUS_DIESEL_PRIVATE;11.95250776737533;;inf;7.484046843314226e-05
YEAR_2030;PICKUP_TRUCK_DIESEL_PRIVATE;6.810347937096555e-11;;inf;3.038623235169632e-07
YEAR_2030;SUV_DIESEL_PRIVATE;7.464537598984503e-11;;inf;3.3305078679638787e-07
YEAR_2030;MOTORCYCLE_DIESEL_PRIVATE;2.097443738951815e-10;;inf;9.358319631400783e-07
YEAR_2030;BUS_ELEC_PRIVATE;6.920153759995585e-09;;inf;2.484599621449245e-05
YEAR_2030;PICKUP_TRUCK_ELEC_PRIVATE;1.46175267026625e-09;;inf;4.972185265072208e-06
YEAR_2030;SUV_ELEC_PRIVATE;1.461752670632274e-09;;inf;4.972185265537091e-06
YEAR_2030;MOTORCYCLE_ELEC_PRIVATE;35.0369897557896;;inf;156327.1247602826
YEAR_2030;TRAIN_FREIGHT;0.2985840189016795;;inf;895.752055594306
YEAR_2030;TRAIN_FREIGHT_ELEC;1.70213111960586e-08;;inf;1.5435761194226846e-05
YEAR_2030;BOAT_FREIGHT_DIESEL;0.05472354462501782;;inf;6.1842629128089355e-06
YEAR_2030;BOAT_FREIGHT_ELEC;0.007009637282159194;;inf;61.40442259171454
YEAR_2030;TRUCK_ELEC;2.28718349701034e-08;;inf;1.855159955737757e-05
YEAR_2030;TRUCK_FG;1.594731850814182;;inf;13634.51984960397
YEAR_2030;VAN_FG;5.602495108031403e-11;;inf;4.789979626904933e-07
YEAR_2030;TRUCK_GASOLINE;0.9854422508147759;;inf;6.639298308293956e-06
YEAR_2030;VAN_GASOLINE;1.737703892402372e-11;;inf;1.4856891584373888e-07
YEAR_2030;CARGO_MOTORCYCLE_GASOLINE;5.300456832504763e-11;;inf;4.6432001852741727e-07
YEAR_2030;TRUCK_DIESEL_P;0.3121254755034719;;inf;1.1060030127452664e-06
YEAR_2030;VAN_DIESEL;1.869321060020019e-11;;inf;1.598218226162178e-07
YEAR_2030;CARGO_MOTORCYCLE_DIESEL;1.000945224129179e-11;;inf;8.768280163371608e-08
YEAR_2030;VAN_ELEC;7.780707593320892e-11;;inf;5.714993455579088e-07
YEAR_2030;CARGO_MOTORCYCLE_ELEC;4.081778098214164e-11;;inf;2.70673365035571e-07
YEAR_2030;AIR_LFO;2.497227468637706;;inf;2497.2274655411447
YEAR_2030;COMM_MACHINERY_DIESEL;0.006687241;;inf;9.923056638534711e-05
YEAR_2030;COMM_MACHINERY_EL;0.009863315881976153;;inf;86.40257776943362
YEAR_2030;IND_MACHINERY_EL;0.2164670406392694;;inf;1896.251276
YEAR_2030;TRACTOR_DIESEL;0.005721380251141554;;inf;0.0006643025363204822
YEAR_2030;TRACTOR_EL;0.006419847961067414;;inf;56.237406697463676
YEAR_2030;AGR_MACHINERY_DIESEL;0.014675345;;inf;3.337031119512654e-05
YEAR_2030;AGR_MACHINERY_EL;0.0293283747716895;;inf;256.9165296296888
YEAR_2030;MIN_MACHINERY_DIESEL;0.104667994;;inf;3.4881292999083824e-05
YEAR_2030;MIN_MACHINERY_EL;0.2193691416666667;;inf;1921.6736461187072
YEAR_2030;FISH_MACHINERY_DIESEL;0.021809699;;inf;3.159373113720276e-05
YEAR_2030;FISH_MACHINERY_EL;0.05758512180365297;;inf;504.4456354062689
YEAR_2030;OIL_TO_HVC;5.72067307101725e-06;;inf;6.11038805157275e-05
YEAR_2030;GAS_TO_HVC;5.850018743200563e-06;;inf;0.00022972526249201363
YEAR_2030;BIOMASS_TO_HVC;0.2267622583735217;;inf;1974.5187590519379
YEAR_2030;DAM_STORAGE;567.58901;567.589;567.58901;-7.445258489567095
YEAR_2030;BATT_LI;7.609392257517916e-07;;inf;-4.714326091189077e-05
YEAR_2030;BEV_BATT;0.1480213736745681;;inf;-2.8034087640687444
YEAR_2030;H2_STORAGE;0.0003571085402465432;;inf;-9.762969752748691e-06
YEAR_2030;GASOLINE_STORAGE;37.46490213341926;;inf;6.553163567346587e-11
YEAR_2030;DIESEL_STORAGE;0.7596979965131758;;inf;3.1337231616059e-10
YEAR_2030;LFO_STORAGE;0.9929737683405795;;inf;-1.1710087977415129e-11
YEAR_2030;LPG_STORAGE;0.7168976264411036;;inf;1.1913299556923218e-11
YEAR_2030;EFFICIENCY;0.428571429;;inf;
YEAR_2030;GRID;1.876681529147938;;inf;
YEAR_2030;H2_ELECTROLYSIS;;;inf;
YEAR_2030;SYN_METHANATION;;;inf;
YEAR_2030;FERMENTATION_TO_BIOETHANOL;0.276573839881041;0.026010247;0.27657384;2228.963887406835
YEAR_2030;ESTERIFICATION_TO_BIODIESEL;0.811682934;0.811682934;0.811682934;65.56495870029491
YEAR_2030;BIOMASS_TO_GASOLINE;9.55359894606918e-08;;inf;0.0007575022483146795
YEAR_2030;BIOMASS_TO_DIESEL;3.310986099707012e-08;;inf;0.00022889988889047074
YEAR_2030;BIOMASS_TO_JET_FUEL;5.519791546656621e-08;;inf;0.0004203590537766224
YEAR_2030;POWER_TO_GASOLINE;2.448024752680292e-08;;inf;6.0329799223670824e-05
YEAR_2030;POWER_TO_DIESEL;1.909550420760127e-08;;inf;4.347509068481699e-05
YEAR_2030;POWER_TO_JET_FUEL;2.177446936939747e-08;;inf;6.00069963891439e-05
YEAR_2030;H2_TO_GASOLINE;1.938687668381479e-08;;inf;3.795304244330359e-06
YEAR_2030;H2_TO_DIESEL;1.92582863206699e-08;;inf;3.6454975608548846e-06
YEAR_2030;H2_TO_JET_FUEL;1.921216628926807e-08;;inf;3.67032040392808e-06
YEAR_2035;CCGT;1.492490002654135;;inf;11113.08055035674
YEAR_2035;PV;3.565407721392776;0.1703;40000.0;7528.373122797257
YEAR_2035;WIND_ONSHORE;0.1728001069859273;0.1728;260.0;508.3872060095492
YEAR_2035;HYDRO_DAM;0.3719205;0.37192;0.371921;1355.768403517726
YEAR_2035;HYDRO_RIVER;0.36372;0.36372;0.36372;1884.9887538535015
YEAR_2035;GEOTHERMAL;0.8849999986458845;0.055;0.885;7085.876367484749
YEAR_2035;OCGT;6.924676410340386e-07;;inf;0.0010363362750133002
YEAR_2035;GENSET_DIESEL;1.754328491347079e-06;;inf;0.00010119065554277234
YEAR_2035;ST_BIOMASS;0.2256300156449305;0.22563;1.333815;1715.6183132787735
YEAR_2035;ST_SNG;0.001000009887212733;0.001;0.321;0.0003678929474027853
YEAR_2035;FUEL_CELL;1.880097697892505e-07;;inf;3.923744941595293e-06
YEAR_2035;CONVENTIONAL_BULB;;;inf;
YEAR_2035;LED_BULB;0.018876233252173;;inf;127.44135430601015
YEAR_2035;CONVENTIONAL_LIGHT;1.180222625246841e-08;;inf;1.7127835941802352e-05
YEAR_2035;LED_LIGHT;0.0095094217642099;;inf;64.20215146965316
YEAR_2035;IND_COGEN_WOOD;1.9112362496919;;inf;12888.052974098067
YEAR_2035;IND_BOILER_GAS;0.967866743;0.967866743;0.967866743;4497.603188503474
YEAR_2035;IND_BOILER_WOOD;0.625339833;0.625329833;0.625339833;0.006031937577465503
YEAR_2035;IND_BOILER_OIL;0.001570198688053046;0.001563429;0.001573429;0.00011143600327693608
YEAR_2035;IND_DIRECT_ELEC;2.692298068705733e-07;;inf;0.0003392246180090483
YEAR_2035;IND_BOILER_DIESEL;0.2189957272486675;;inf;9.034660506885002e-05
YEAR_2035;IND_BOILER_LPG;0.017767712;0.017757712;0.017767712;0.0007803833325635269
YEAR_2035;DHN_BOILER_GAS;;;inf;
YEAR_2035;DHN_BOILER_OIL;;;inf;
YEAR_2035;DEC_BOILER_GAS;0.2266625009372739;;inf;832.4219298323903
YEAR_2035;DEC_SOLAR;167.9046;0.013140802;48700.0;739.3987566876762
YEAR_2035;DEC_DIRECT_ELEC;6.023502108579751e-08;;inf;0.00026598290407295214
YEAR_2035;IND_ELEC_COLD;;;inf;
YEAR_2035;DEC_ELEC_COLD;0.026596047262734;;inf;116.15104098820377
YEAR_2035;REFRIGERATOR_EL;0.04628702990867579;;inf;405.47438199999993
YEAR_2035;STOVE_WOOD;8.508381770839898e-08;;inf;0.0001488726350191705
YEAR_2035;STOVE_NG;0.6834086788026641;;inf;5986.659425753173
YEAR_2035;STOVE_OIL;3.888218411069583e-08;;inf;7.214489300280169e-05
YEAR_2035;STOVE_ELEC;4.419157559634952e-07;;inf;0.0007258466291700409
YEAR_2035;TRAMWAY_TROLLEY;0.09375832281922886;;inf;418.32843841423636
YEAR_2035;CAR_FG_PUBLIC;3.308822320994565e-08;;inf;4.118367059020484e-06
YEAR_2035;BUS_FG_PUBLIC;3.171873050880538e-08;;inf;1.3535113299956314e-05
YEAR_2035;PICKUP_TRUCK_FG_PUBLIC;3.566296485190762e-08;;inf;1.0921239573713929e-06
YEAR_2035;SUV_FG_PUBLIC;3.504350512428007e-08;;inf;2.5993388413858646e-06
YEAR_2035;MOTORCYCLE_FG_PUBLIC;1.493723636756715e-06;;inf;0.004715224477209661
YEAR_2035;CAR_GASOLINE_PUBLIC;2.925527020489753e-08;;inf;1.5705969199012458e-06
YEAR_2035;BUS_GASOLINE_PUBLIC;3.326574848327924e-08;;inf;1.7065211739727985e-05
YEAR_2035;PICKUP_TRUCK_GASOLINE_PUBLIC;3.067969569520427e-08;;inf;7.415930407218116e-07
YEAR_2035;SUV_GASOLINE_PUBLIC;3.385984551734298e-08;;inf;9.898893346420924e-07
YEAR_2035;MOTORCYCLE_GASOLINE_PUBLIC;6.042222865880601e-07;;inf;7.672409264714372e-06
YEAR_2035;CAR_DIESEL_PUBLIC;3.384544943002153e-08;;inf;1.1120361905986893e-06
YEAR_2035;BUS_DIESEL_PUBLIC;2.756644905558282e-08;;inf;6.289338190198768e-06
YEAR_2035;PICKUP_TRUCK_DIESEL_PUBLIC;3.622329169686134e-08;;inf;3.894394512694086e-07
YEAR_2035;SUV_DIESEL_PUBLIC;3.157806158072174e-08;;inf;4.248887010784427e-07
YEAR_2035;MOTORCYCLE_DIESEL_PUBLIC;5.620403322205016e-07;;inf;1.2943804379953577e-06
YEAR_2035;BUS_ELEC_PUBLIC;8.45831535065817e-09;;inf;3.4816572237564652e-06
YEAR_2035;PICKUP_TRUCK_ELEC_PUBLIC;1.918411105853409e-08;;inf;3.994791590762967e-06
YEAR_2035;SUV_ELEC_PUBLIC;1.918411108916756e-08;;inf;3.994791788573303e-06
YEAR_2035;MOTORCYCLE_ELEC_PUBLIC;19.0088645249656;;inf;84813.2546603233
YEAR_2035;CAR_BEV;0.157812488086007;;inf;161.81078792552913
YEAR_2035;CAR_FG_PRIVATE;1.195231330353369e-09;;inf;5.3328518973772444e-06
YEAR_2035;BUS_FG_PRIVATE;18.19136372733462;;inf;0.001375109003318105
YEAR_2035;PICKUP_TRUCK_FG_PRIVATE;2.678738675560248e-10;;inf;1.1951926180110958e-06
YEAR_2035;SUV_FG_PRIVATE;6.685005260960114e-10;;inf;2.9826981676716993e-06
YEAR_2035;MOTORCYCLE_FG_PRIVATE;1.622485755964034e-08;;inf;7.239164521902433e-05
YEAR_2035;CAR_GASOLINE_PRIVATE;4.073408050868743e-10;;inf;1.8174625531648984e-06
YEAR_2035;BUS_GASOLINE_PRIVATE;13.89955751027324;;inf;62016.68225970115
YEAR_2035;PICKUP_TRUCK_GASOLINE_PRIVATE;1.773423829639602e-10;;inf;7.91261607236442e-07
YEAR_2035;SUV_GASOLINE_PRIVATE;2.428637565826508e-10;;inf;1.0836031588236922e-06
YEAR_2035;MOTORCYCLE_GASOLINE_PRIVATE;3.204748573426109e-10;;inf;1.4298863388528873e-06
YEAR_2035;CAR_DIESEL_PRIVATE;2.550516107150011e-10;;inf;1.1379826077086587e-06
YEAR_2035;BUS_DIESEL_PRIVATE;3.00249040791628e-09;;inf;1.339643319421641e-05
YEAR_2035;PICKUP_TRUCK_DIESEL_PRIVATE;8.808194725466881e-11;;inf;3.9300172913210735e-07
YEAR_2035;SUV_DIESEL_PRIVATE;9.620963581878026e-11;;inf;4.2926563744816405e-07
YEAR_2035;MOTORCYCLE_DIESEL_PRIVATE;2.743134422270284e-10;;inf;1.223924543898958e-06
YEAR_2035;BUS_ELEC_PRIVATE;7.380483359156464e-09;;inf;3.293004767018806e-05
YEAR_2035;PICKUP_TRUCK_ELEC_PRIVATE;1.71321066421981e-09;;inf;7.643958545322273e-06
YEAR_2035;SUV_ELEC_PRIVATE;1.71321066471139e-09;;inf;7.643958547515592e-06
YEAR_2035;MOTORCYCLE_ELEC_PRIVATE;58.80109033471863;;inf;262357.16734989383
YEAR_2035;TRAIN_FREIGHT;0.3155950698661186;;inf;946.785208424342
YEAR_2035;TRAIN_FREIGHT_ELEC;2.908658256886166e-08;;inf;3.6994166913162374e-05
YEAR_2035;BOAT_FREIGHT_DIESEL;0.05472354462501782;;inf;8.18525019471994e-06
YEAR_2035;BOAT_FREIGHT_ELEC;0.007408993180746094;;inf;64.90278026333577
YEAR_2035;TRUCK_ELEC;1.845314684181122e-07;;inf;0.00014967552504215216
YEAR_2035;TRUCK_FG;1.685587588160529;;inf;14411.311479912683
YEAR_2035;VAN_FG;8.227070697891677e-11;;inf;7.033919757558636e-07
YEAR_2035;TRUCK_GASOLINE;7.851000581406305e-10;;inf;6.712390124508113e-06
YEAR_2035;VAN_GASOLINE;2.692554803489688e-11;;inf;2.3020604934668932e-07
YEAR_2035;CARGO_MOTORCYCLE_GASOLINE;8.817480013446511e-11;;inf;7.724112491779142e-07
YEAR_2035;TRUCK_DIESEL_P;1.594651190278723e-10;;inf;1.3633830224153002e-06
YEAR_2035;VAN_DIESEL;2.7818485045928e-11;;inf;2.3784041583603622e-07
YEAR_2035;CARGO_MOTORCYCLE_DIESEL;1.332426302783374e-11;;inf;1.1672054412382357e-07
YEAR_2035;VAN_ELEC;1.055699641940957e-10;;inf;9.247928863402784e-07
YEAR_2035;CARGO_MOTORCYCLE_ELEC;4.880097572607446e-11;;inf;4.274965473604122e-07
YEAR_2035;AIR_LFO;2.639500591989849;;inf;2639.5005887168663
YEAR_2035;COMM_MACHINERY_DIESEL;0.006687241;;inf;0.00012260376052465258
YEAR_2035;COMM_MACHINERY_EL;0.01042525234818008;;inf;91.32512439623947
YEAR_2035;IND_MACHINERY_EL;0.2364315212328775;;inf;2071.140126
YEAR_2035;TRACTOR_DIESEL;3.004824255465124e-07;;inf;0.0005136481451191791
YEAR_2035;TRACTOR_EL;0.006785609282520586;;inf;59.441576351854884
YEAR_2035;AGR_MACHINERY_DIESEL;0.014675345;;inf;3.906709996601143e-05
YEAR_2035;AGR_MACHINERY_EL;0.03099928367579909;;inf;271.55368593290007
YEAR_2035;MIN_MACHINERY_DIESEL;0.104667994;;inf;4.7217820267481114e-05
YEAR_2035;MIN_MACHINERY_EL;0.2429828163242009;;inf;2128.5294237821795
YEAR_2035;FISH_MACHINERY_DIESEL;0.021809699;;inf;3.7775096111782036e-05
YEAR_2035;FISH_MACHINERY_EL;0.06086588630136986;;inf;533.1851262249039
YEAR_2035;OIL_TO_HVC;5.578581043263657e-06;;inf;8.334231748593103e-05
YEAR_2035;GAS_TO_HVC;5.849285902931197e-06;;inf;0.0003540819321972011
YEAR_2035;BIOMASS_TO_HVC;0.2396814408805209;;inf;2087.011765580683
YEAR_2035;DAM_STORAGE;567.58901;567.589;567.58901;-6.068021408559608
YEAR_2035;BATT_LI;9.519269972910671e-07;;inf;-6.194601291884524e-05
YEAR_2035;BEV_BATT;0.1565600080218324;;inf;-2.9632977170033983
YEAR_2035;H2_STORAGE;0.0004599384069505927;;inf;-9.917801080673449e-06
YEAR_2035;GASOLINE_STORAGE;37.4649044976594;;inf;-1.2202602817090735e-10
YEAR_2035;DIESEL_STORAGE;0.765595389606953;;inf;-4.751591420673607e-10
YEAR_2035;LFO_STORAGE;1.008080625818912;;inf;4.313729061455884e-12
YEAR_2035;LPG_STORAGE;0.7189332197636074;;inf;-6.547180195996122e-10
YEAR_2035;EFFICIENCY;0.571428571;;inf;
YEAR_2035;GRID;2.542107012976416;;inf;
YEAR_2035;H2_ELECTROLYSIS;;;inf;
YEAR_2035;SYN_METHANATION;;;inf;
YEAR_2035;FERMENTATION_TO_BIOETHANOL;0.27657383969361;0.026010247;0.27657384;2228.963867761407
YEAR_2035;ESTERIFICATION_TO_BIODIESEL;0.811682934;0.811682934;0.811682934;69.29976486150345
YEAR_2035;BIOMASS_TO_GASOLINE;9.595993907599149e-08;;inf;0.0007338552934720937
YEAR_2035;BIOMASS_TO_DIESEL;5.739495575125176e-08;;inf;0.0004075212726551189
YEAR_2035;BIOMASS_TO_JET_FUEL;1.245842209520503e-07;;inf;0.0009844497523020487
YEAR_2035;POWER_TO_GASOLINE;3.347184471207852e-08;;inf;9.008035709119563e-05
YEAR_2035;POWER_TO_DIESEL;3.128107607286936e-08;;inf;7.222896079639146e-05
YEAR_2035;POWER_TO_JET_FUEL;3.417110428986634e-08;;inf;0.00010299318675837298
YEAR_2035;H2_TO_GASOLINE;3.128973878294555e-08;;inf;3.7138878523258884e-06
YEAR_2035;H2_TO_DIESEL;3.120165885467146e-08;;inf;3.617307248892453e-06
YEAR_2035;H2_TO_JET_FUEL;3.11765437616414e-08;;inf;3.6194921365488605e-06
YEAR_2040;CCGT;1.492489993603305;;inf;11113.080255197669
YEAR_2040;PV;3.565407762807752;0.1703;40000.0;7528.37308127176
YEAR_2040;WIND_ONSHORE;0.1728001490788234;0.1728;260.0;508.38698169622154
YEAR_2040;HYDRO_DAM;6.089325401401978;0.56655;6.09455;22197.525425604235
YEAR_2040;HYDRO_RIVER;0.9062299968931942;0.65423;0.90623;4696.561513514161
YEAR_2040;GEOTHERMAL;0.884999998716361;0.055;0.885;7085.876359270985
YEAR_2040;OCGT;6.824729105485538e-07;;inf;0.0007706502170786167
YEAR_2040;GENSET_DIESEL;1.759994240377799e-06;;inf;0.00012742030388467745
YEAR_2040;ST_BIOMASS;0.2256300095670242;0.22563;1.453876667;188.35465989438856
YEAR_2040;ST_SNG;0.001000029657561839;0.001;0.321;0.0003839349178673478
YEAR_2040;FUEL_CELL;2.891852556470109e-07;;inf;3.8018118952162613e-06
YEAR_2040;CONVENTIONAL_BULB;;;inf;
YEAR_2040;LED_BULB;0.020004721271005;;inf;135.06024942755144
YEAR_2040;CONVENTIONAL_LIGHT;1.926583701030576e-08;;inf;4.121518975988732e-05
YEAR_2040;LED_LIGHT;0.00999048807762378;;inf;67.45005700781303
YEAR_2040;IND_COGEN_WOOD;2.151706527595382;;inf;948.6121828587787
YEAR_2040;IND_BOILER_WOOD;2.151831850891661;;inf;9741.688283966143
YEAR_2040;IND_DIRECT_ELEC;2.151831739248222;;inf;8159.746594491311
YEAR_2040;IND_BOILER_DIESEL;0.2189957272486675;;inf;0.0001279005823380545
YEAR_2040;IND_BOILER_LPG;0.017767712;;inf;0.0017654053479188127
YEAR_2040;DHN_BOILER_GAS;;;inf;
YEAR_2040;DHN_BOILER_OIL;;;inf;
YEAR_2040;DEC_BOILER_GAS;0.2381290195876883;;inf;874.5330731020639
YEAR_2040;DEC_SOLAR;167.9046;0.015194053;48700.0;776.8040297968594
YEAR_2040;DEC_DIRECT_ELEC;1.983484350302493e-07;;inf;0.0008697321405316363
YEAR_2040;IND_ELEC_COLD;;;inf;
YEAR_2040;DEC_ELEC_COLD;0.027941517640152;;inf;122.02701885108215
YEAR_2040;REFRIGERATOR_EL;0.04862864942922379;;inf;425.986969
YEAR_2040;STOVE_WOOD;1.355024379360386e-07;;inf;0.00020704240709960275
YEAR_2040;STOVE_NG;0.7179777819454415;;inf;2373.5044986740486
YEAR_2040;STOVE_OIL;6.204781427798739e-08;;inf;0.00010783322439967723
YEAR_2040;STOVE_ELEC;2.384179827828238;;inf;3916.0153672078804
YEAR_2040;TRAMWAY_TROLLEY;0.09850147353051829;;inf;439.4913024748361
YEAR_2040;CAR_FG_PUBLIC;3.276709803794493e-08;;inf;6.485983529724613e-06
YEAR_2040;BUS_FG_PUBLIC;3.278439432039527e-08;;inf;1.3741727726004077e-05
YEAR_2040;PICKUP_TRUCK_FG_PUBLIC;3.5159275431087e-08;;inf;1.8765567463000927e-06
YEAR_2040;SUV_FG_PUBLIC;3.456615213497747e-08;;inf;4.286741894395401e-06
YEAR_2040;MOTORCYCLE_FG_PUBLIC;1.407300514508633e-06;;inf;0.004673041980428989
YEAR_2040;CAR_GASOLINE_PUBLIC;2.896941702222013e-08;;inf;3.205620314947271e-06
YEAR_2040;BUS_GASOLINE_PUBLIC;3.411921741767577e-08;;inf;1.5387472027387e-05
YEAR_2040;PICKUP_TRUCK_GASOLINE_PUBLIC;3.047179583561786e-08;;inf;1.8269752315721363e-06
YEAR_2040;SUV_GASOLINE_PUBLIC;3.338105007832526e-08;;inf;2.355509028211631e-06
YEAR_2040;MOTORCYCLE_GASOLINE_PUBLIC;5.785089886834654e-07;;inf;8.739342036690677e-06
YEAR_2040;CAR_DIESEL_PUBLIC;3.327699114277848e-08;;inf;1.2797115839864541e-06
YEAR_2040;BUS_DIESEL_PUBLIC;2.916001394248566e-08;;inf;6.627177798829831e-06
YEAR_2040;PICKUP_TRUCK_DIESEL_PUBLIC;3.569482271873274e-08;;inf;5.118020461308442e-07
YEAR_2040;SUV_DIESEL_PUBLIC;3.120210972240388e-08;;inf;5.561307707399323e-07
YEAR_2040;MOTORCYCLE_DIESEL_PUBLIC;5.390322288835696e-07;;inf;1.1624238531159115e-06
YEAR_2040;BUS_ELEC_PUBLIC;9.7259752839213e-09;;inf;4.2646103170290895e-06
YEAR_2040;PICKUP_TRUCK_ELEC_PUBLIC;2.070787364538188e-08;;inf;6.676466079024559e-06
YEAR_2040;SUV_ELEC_PUBLIC;2.070787343916832e-08;;inf;6.67646597370585e-06
YEAR_2040;MOTORCYCLE_ELEC_PUBLIC;19.97050608218742;;inf;89103.88182224394
YEAR_2040;CAR_BEV;0.1670050576485943;;inf;169.99666628934887
YEAR_2040;CAR_FG_PRIVATE;1.348618292492874e-09;;inf;6.017229834355146e-06
YEAR_2040;BUS_FG_PRIVATE;2.127502176980796e-08;;inf;9.492433584243417e-05
YEAR_2040;PICKUP_TRUCK_FG_PRIVATE;5.762136401787121e-10;;inf;2.57093495316359e-06
YEAR_2040;SUV_FG_PRIVATE;1.140911627921664e-09;;inf;5.090489669395619e-06
YEAR_2040;MOTORCYCLE_FG_PRIVATE;1.336621939895108e-08;;inf;5.860288109481749e-05
YEAR_2040;CAR_GASOLINE_PRIVATE;1.125734757531316e-09;;inf;5.022773905926228e-06
YEAR_2040;BUS_GASOLINE_PRIVATE;13.89961237709934;;inf;62016.92706307121
YEAR_2040;PICKUP_TRUCK_GASOLINE_PRIVATE;4.675480409721767e-10;;inf;2.0860936239650993e-06
YEAR_2040;SUV_GASOLINE_PRIVATE;6.47447165629273e-10;;inf;2.8887628344353964e-06
YEAR_2040;MOTORCYCLE_GASOLINE_PRIVATE;8.827424894043907e-10;;inf;3.938597357654555e-06
YEAR_2040;CAR_DIESEL_PRIVATE;3.498857812985506e-10;;inf;1.5611112303353417e-06
YEAR_2040;BUS_DIESEL_PRIVATE;3.00249040791628e-09;;inf;1.2530304497760621e-05
YEAR_2040;PICKUP_TRUCK_DIESEL_PRIVATE;1.187034311369018e-10;;inf;5.296278652404985e-07
YEAR_2040;SUV_DIESEL_PRIVATE;1.294857219916438e-10;;inf;5.777360086454945e-07
YEAR_2040;MOTORCYCLE_DIESEL_PRIVATE;3.712562804450539e-10;;inf;1.6564615646406143e-06
YEAR_2040;BUS_ELEC_PRIVATE;2.123033107529998e-08;;inf;9.472493607023148e-05
YEAR_2040;PICKUP_TRUCK_ELEC_PRIVATE;4.521907394243094e-09;;inf;2.0175728174749237e-05
YEAR_2040;SUV_ELEC_PRIVATE;4.52190739519498e-09;;inf;2.0175728178996338e-05
YEAR_2040;MOTORCYCLE_ELEC_PRIVATE;62.47889667820041;;inf;278766.7075275465
YEAR_2040;TRAIN_FREIGHT;0.3315606756353006;;inf;994.6820256724963
YEAR_2040;TRAIN_FREIGHT_ELEC;8.836616692523392e-08;;inf;0.00024124112184553678
YEAR_2040;BOAT_FREIGHT_DIESEL;0.05472354462501782;;inf;9.40110044863468e-06
YEAR_2040;BOAT_FREIGHT_ELEC;0.007783807449026329;;inf;68.18615325347065
YEAR_2040;TRUCK_ELEC;6.959134794261512;;inf;5644.631580181827
YEAR_2040;TRUCK_FG;1.110647962652842;;inf;9495.735402149989
YEAR_2040;VAN_FG;1.515741397275693e-10;;inf;1.2959173140908153e-06
YEAR_2040;TRUCK_GASOLINE;6.646129572253426e-09;;inf;5.682258464309556e-05
YEAR_2040;VAN_GASOLINE;8.01237185122148e-11;;inf;6.8503581333823e-07
YEAR_2040;CARGO_MOTORCYCLE_GASOLINE;2.170981602088021e-10;;inf;1.9017798834291064e-06
YEAR_2040;TRUCK_DIESEL_P;2.062032223393851e-10;;inf;1.7629809842973032e-06
YEAR_2040;VAN_DIESEL;3.798988447468149e-11;;inf;3.248030906824602e-07
YEAR_2040;CARGO_MOTORCYCLE_DIESEL;1.813288030292333e-11;;inf;1.5884403145360837e-07
YEAR_2040;VAN_ELEC;3.063169904815163e-10;;inf;2.683336836618083e-06
YEAR_2040;CARGO_MOTORCYCLE_ELEC;1.337548391666601e-10;;inf;1.1716923910999424e-06
YEAR_2040;AIR_LFO;2.773030573791584;;inf;2773.0305703530303
YEAR_2040;COMM_MACHINERY_DIESEL;0.006687241;;inf;0.00014922668751129846
YEAR_2040;COMM_MACHINERY_EL;0.0109526573989788;;inf;95.9451607733125
YEAR_2040;IND_MACHINERY_EL;0.2563960018264847;;inf;2246.028976
YEAR_2040;TRACTOR_DIESEL;3.297254041233558e-07;;inf;0.00044718467948967177
YEAR_2040;TRACTOR_EL;0.007128898564264596;;inf;62.44876581532051
YEAR_2040;AGR_MACHINERY_DIESEL;0.014675345;;inf;5.162240848491373e-05
YEAR_2040;AGR_MACHINERY_EL;0.0325675098173516;;inf;285.2913343775915
YEAR_2040;MIN_MACHINERY_DIESEL;0.104667994;;inf;4.871535472872335e-05
YEAR_2040;MIN_MACHINERY_EL;0.2665964909817352;;inf;2335.3852122846456
YEAR_2040;FISH_MACHINERY_DIESEL;0.021809699;;inf;4.091250223306475e-05
YEAR_2040;FISH_MACHINERY_EL;0.06394503721461188;;inf;560.1584850874979
YEAR_2040;OIL_TO_HVC;5.541098859548567e-06;;inf;0.00012207647425842362
YEAR_2040;GAS_TO_HVC;5.851856639450427e-06;;inf;0.022623460114827538
YEAR_2040;BIOMASS_TO_HVC;0.2518041518387956;;inf;2192.569543887202
YEAR_2040;DAM_STORAGE;567.58901;567.589;567.58901;-8.63038076504508
YEAR_2040;BATT_LI;1.492296391317536e-06;;inf;-0.0001056707545073111
YEAR_2040;BEV_BATT;0.1656796206831293;;inf;-3.114458121939547
YEAR_2040;H2_STORAGE;0.0007097388228239382;;inf;-9.60765000455556e-06
YEAR_2040;GASOLINE_STORAGE;37.46586779223237;;inf;3.329438946764185e-10
YEAR_2040;DIESEL_STORAGE;0.8282615634592114;;inf;-8.235625850987888e-10
YEAR_2040;LFO_STORAGE;1.11517890896958;;inf;-3.108539346069472e-10
YEAR_2040;LPG_STORAGE;0.787356030495183;;inf;-8.373385947287038e-11
YEAR_2040;EFFICIENCY;0.714285714;;inf;
YEAR_2040;GRID;2.542107050906898;;inf;
YEAR_2040;H2_ELECTROLYSIS;;;inf;
YEAR_2040;SYN_METHANATION;;;inf;
YEAR_2040;FERMENTATION_TO_BIOETHANOL;0.2765738356106011;0.026010247;0.27657384;2228.9637931605052
YEAR_2040;ESTERIFICATION_TO_BIODIESEL;0.811682934;0.811682934;0.811682934;72.7917837780102
YEAR_2040;BIOMASS_TO_GASOLINE;9.656964809392231e-08;;inf;0.0006565753169907874
YEAR_2040;BIOMASS_TO_DIESEL;2.352709421487517e-07;;inf;0.001874461420617964
YEAR_2040;BIOMASS_TO_JET_FUEL;2.81716926892728e-06;;inf;0.022456686128122277
YEAR_2040;POWER_TO_GASOLINE;7.868665334944792e-08;;inf;0.00039637168036859465
YEAR_2040;POWER_TO_DIESEL;8.632733723540052e-08;;inf;0.0004523062120933464
YEAR_2040;POWER_TO_JET_FUEL;3.241835690768933e-06;;inf;0.025826670757315446
YEAR_2040;H2_TO_GASOLINE;5.202660109473731e-08;;inf;3.7563256980829688e-06
YEAR_2040;H2_TO_DIESEL;5.1962569870657e-08;;inf;3.7200247068733393e-06
YEAR_2040;H2_TO_JET_FUEL;5.194290408497963e-08;;inf;3.720734636748117e-06
YEAR_2045;CCGT;1.041988798744518;;inf;7758.64799465798
YEAR_2045;PV;10.66382102968431;0.1703;40000.0;22516.70212278991
YEAR_2045;WIND_ONSHORE;0.1728015231446205;0.1728;260.0;508.3909581871837
YEAR_2045;HYDRO_DAM;6.094549991873891;0.56655;6.09455;22216.57060802389
YEAR_2045;HYDRO_RIVER;0.9062299986103883;0.65423;0.90623;4696.561521619664
YEAR_2045;GEOTHERMAL;0.8849999989292546;0.055;0.885;7085.876362766158
YEAR_2045;OCGT;6.768119393508942e-07;;inf;0.0008806110594929298
YEAR_2045;GENSET_DIESEL;1.790029115286286e-06;;inf;0.00016478795345821609
YEAR_2045;ST_BIOMASS;0.2256300058851096;0.22563;1.573938333;157.02908576698286
YEAR_2045;ST_SNG;0.001000056623609563;0.001;0.321;0.0005296175998917023
YEAR_2045;FUEL_CELL;4.566040008904667e-07;;inf;3.7501014739142434e-06
YEAR_2045;CONVENTIONAL_BULB;;;inf;
YEAR_2045;LED_BULB;0.021080721068547;;inf;142.3247745899516
YEAR_2045;CONVENTIONAL_LIGHT;2.056907978805494e-08;;inf;4.5297477095911955e-05
YEAR_2045;LED_LIGHT;0.01043525814563246;;inf;70.45289057929847
YEAR_2045;IND_COGEN_WOOD;2.151706527595382;;inf;0.06788499326115943
YEAR_2045;IND_BOILER_WOOD;2.318951880319355;;inf;11743.837581652548
YEAR_2045;IND_DIRECT_ELEC;2.318947863534629;;inf;8570.113508001163
YEAR_2045;IND_BOILER_DIESEL;1.046496083207052e-07;;inf;0.00018012480515120971
YEAR_2045;IND_BOILER_LPG;0.017767712;;inf;0.0021195746176966212
YEAR_2045;DHN_BOILER_GAS;;;inf;
YEAR_2045;DHN_BOILER_OIL;;;inf;
YEAR_2045;DEC_BOILER_GAS;0.1549895737790322;;inf;569.2019922513288
YEAR_2045;DEC_SOLAR;167.9046;0.017247303;48700.0;811.3869009425109
YEAR_2045;DEC_DIRECT_ELEC;0.09374101103613151;;inf;344.26563468593696
YEAR_2045;IND_ELEC_COLD;;;inf;
YEAR_2045;DEC_ELEC_COLD;0.02918545688259;;inf;127.45958695069226
YEAR_2045;REFRIGERATOR_EL;0.05079356712328768;;inf;444.951648
YEAR_2045;STOVE_WOOD;1.792123455265279e-07;;inf;0.00028048536853513077
YEAR_2045;STOVE_NG;0.7498268292522389;;inf;731.9375468749181
YEAR_2045;STOVE_OIL;8.816741113673127e-08;;inf;0.00015474992769377437
YEAR_2045;STOVE_ELEC;3.554086931329221;;inf;5837.587784708246
YEAR_2045;TRAMWAY_TROLLEY;0.102886699749945;;inf;459.05718836087186
YEAR_2045;CAR_FG_PUBLIC;3.059957146893637e-08;;inf;6.861491060180284e-06
YEAR_2045;BUS_FG_PUBLIC;3.443166716749359e-08;;inf;1.3435196987430654e-05
YEAR_2045;PICKUP_TRUCK_FG_PUBLIC;3.263715809513925e-08;;inf;2.3519862466236348e-06
YEAR_2045;SUV_FG_PUBLIC;3.202849684500892e-08;;inf;4.929770126823877e-06
YEAR_2045;MOTORCYCLE_FG_PUBLIC;1.000919369687556e-06;;inf;0.0005128654569022159
YEAR_2045;CAR_GASOLINE_PUBLIC;2.708508133629404e-08;;inf;4.078654406427184e-06
YEAR_2045;BUS_GASOLINE_PUBLIC;3.60132105222438e-08;;inf;1.164800002654824e-05
YEAR_2045;PICKUP_TRUCK_GASOLINE_PUBLIC;2.854246579433611e-08;;inf;2.224519291496677e-06
YEAR_2045;SUV_GASOLINE_PUBLIC;3.09833766152404e-08;;inf;2.8582124157345735e-06
YEAR_2045;MOTORCYCLE_GASOLINE_PUBLIC;5.619399950242035e-07;;inf;5.658793498134825e-06
YEAR_2045;CAR_DIESEL_PUBLIC;3.064886205507416e-08;;inf;1.945314406017733e-06
YEAR_2045;BUS_DIESEL_PUBLIC;3.216386282623352e-08;;inf;7.784327261657691e-06
YEAR_2045;PICKUP_TRUCK_DIESEL_PUBLIC;3.294782991267112e-08;;inf;7.403921675375993e-07
YEAR_2045;SUV_DIESEL_PUBLIC;2.897313003314349e-08;;inf;8.029423543189454e-07
YEAR_2045;MOTORCYCLE_DIESEL_PUBLIC;5.266501150317734e-07;;inf;2.514860284735005e-06
YEAR_2045;BUS_ELEC_PUBLIC;1.453784907872868e-08;;inf;6.1356815910976165e-06
YEAR_2045;PICKUP_TRUCK_ELEC_PUBLIC;2.457515927090328e-08;;inf;8.365167598570785e-06
YEAR_2045;SUV_ELEC_PUBLIC;2.457516036601699e-08;;inf;8.365168018266386e-06
YEAR_2045;MOTORCYCLE_ELEC_PUBLIC;20.85958176335022;;inf;93070.7364357412
YEAR_2045;CAR_BEV;0.1793802665290907;;inf;177.56481405551156
YEAR_2045;CAR_FG_PRIVATE;2.446447516891313e-09;;inf;1.0915495562210948e-05
YEAR_2045;BUS_FG_PRIVATE;2.318354535173242e-08;;inf;0.00010343973645701311
YEAR_2045;PICKUP_TRUCK_FG_PRIVATE;5.594563839704399e-10;;inf;2.4961678655750305e-06
YEAR_2045;SUV_FG_PRIVATE;1.416341656740462e-09;;inf;6.3193961701537105e-06
YEAR_2045;MOTORCYCLE_FG_PRIVATE;1.472026455923872e-08;;inf;6.56784915112813e-05
YEAR_2045;CAR_GASOLINE_PRIVATE;1.48645355031506e-09;;inf;6.6322195836492925e-06
YEAR_2045;BUS_GASOLINE_PRIVATE;16.78944971688527;;inf;74910.72774350748
YEAR_2045;PICKUP_TRUCK_GASOLINE_PRIVATE;6.023970095153335e-10;;inf;2.687759225838277e-06
YEAR_2045;SUV_GASOLINE_PRIVATE;9.162089649857331e-10;;inf;4.087917203336416e-06
YEAR_2045;MOTORCYCLE_GASOLINE_PRIVATE;1.204475768037934e-09;;inf;5.3740984877186685e-06
YEAR_2045;CAR_DIESEL_PRIVATE;4.986825403754525e-10;;inf;2.225008719311171e-06
YEAR_2045;BUS_DIESEL_PRIVATE;3.949628113954448e-09;;inf;1.7622347445669195e-05
YEAR_2045;PICKUP_TRUCK_DIESEL_PRIVATE;1.753329469705002e-10;;inf;7.822959582626877e-07
YEAR_2045;SUV_DIESEL_PRIVATE;1.914773118904857e-10;;inf;8.543284635267868e-07
YEAR_2045;MOTORCYCLE_DIESEL_PRIVATE;5.311118620075134e-10;;inf;2.3697010186211827e-06
YEAR_2045;BUS_ELEC_PRIVATE;2.690866797797696e-08;;inf;0.00012006039118789092
YEAR_2045;PICKUP_TRUCK_ELEC_PRIVATE;5.573085707773913e-09;;inf;2.486584808830379e-05
YEAR_2045;SUV_ELEC_PRIVATE;5.573085707513902e-09;;inf;2.4865848087143684e-05
YEAR_2045;MOTORCYCLE_ELEC_PRIVATE;62.9893837556148;;inf;281044.38542155805
YEAR_2045;TRAIN_FREIGHT;0.346321474221539;;inf;1038.9644213763008
YEAR_2045;TRAIN_FREIGHT_ELEC;1.733284967751271e-07;;inf;0.0004906833242607211
YEAR_2045;BOAT_FREIGHT_DIESEL;0.05472354462501782;;inf;1.3652771210653778e-05
YEAR_2045;BOAT_FREIGHT_ELEC;0.008130337350452538;;inf;71.22175518996423
YEAR_2045;TRUCK_ELEC;19.49721331525614;;inf;15814.406425291141
YEAR_2045;TRUCK_FG;0.5973352340931213;;inf;0.00042981692310233027
YEAR_2045;VAN_FG;1.926414529358375e-10;;inf;1.6470315762297239e-06
YEAR_2045;TRUCK_GASOLINE;6.646129572253426e-09;;inf;4.3916496400676726e-05
YEAR_2045;VAN_GASOLINE;1.126827342474187e-10;;inf;9.634064661213683e-07
YEAR_2045;CARGO_MOTORCYCLE_GASOLINE;5.449949648712111e-10;;inf;4.774155892271807e-06
YEAR_2045;TRUCK_DIESEL_P;3.152539104677113e-10;;inf;2.6953344524615786e-06
YEAR_2045;VAN_DIESEL;5.197624539852787e-11;;inf;4.4438263977251554e-07
YEAR_2045;CARGO_MOTORCYCLE_DIESEL;2.484158448524755e-11;;inf;2.1761228009076854e-07
YEAR_2045;VAN_ELEC;3.847589651290592e-10;;inf;3.370488534530558e-06
YEAR_2045;CARGO_MOTORCYCLE_ELEC;1.651919729050726e-10;;inf;1.4470816826484358e-06
YEAR_2045;AIR_LFO;2.896484196081711;;inf;2896.484192490076
YEAR_2045;COMM_MACHINERY_DIESEL;1.468686495424004e-07;;inf;0.00021129131668439806
YEAR_2045;COMM_MACHINERY_EL;0.01144026145857978;;inf;100.21652470868331
YEAR_2045;IND_MACHINERY_EL;0.2763604825342466;;inf;2420.917827
YEAR_2045;TRACTOR_DIESEL;4.243075537816582e-07;;inf;0.000606418480456913
YEAR_2045;TRACTOR_EL;0.007446267531331368;;inf;65.22880658151954
YEAR_2045;AGR_MACHINERY_DIESEL;1.216259525593788e-07;;inf;6.29808549948152e-05
YEAR_2045;AGR_MACHINERY_EL;0.03401739543378995;;inf;297.992321019145
YEAR_2045;MIN_MACHINERY_DIESEL;1.220827417491854e-07;;inf;7.271395927216373e-05
YEAR_2045;MIN_MACHINERY_EL;0.2902101656392694;;inf;2542.2409782860404
YEAR_2045;FISH_MACHINERY_DIESEL;1.247978695662066e-07;;inf;5.70285716160468e-05
YEAR_2045;FISH_MACHINERY_EL;0.06679183116438356;;inf;585.0963839714284
YEAR_2045;OIL_TO_HVC;5.4923259521023e-06;;inf;0.0001786078475884974
YEAR_2045;GAS_TO_HVC;5.855940634340198e-06;;inf;0.02238136304120527
YEAR_2045;BIOMASS_TO_HVC;0.2630144559784279;;inf;2290.182594564802
YEAR_2045;DAM_STORAGE;567.58901;567.589;567.58901;-12.98183840740003
YEAR_2045;BATT_LI;3.092384802251988e-06;;inf;-0.00020420028116073757
YEAR_2045;BEV_BATT;0.1779566136201297;;inf;-3.2570183437665334
YEAR_2045;H2_STORAGE;0.000985197270209439;;inf;-9.525536978897504e-06
YEAR_2045;GASOLINE_STORAGE;54.94921227575902;;inf;1.1133437227694998e-09
YEAR_2045;DIESEL_STORAGE;0.802866551148157;;inf;6.159293964615176e-10
YEAR_2045;LFO_STORAGE;190.5932014955807;;inf;-3.474401544245609e-09
YEAR_2045;LPG_STORAGE;0.8911382739888636;;inf;-1.1987186293496016e-09
YEAR_2045;EFFICIENCY;0.857142857;;inf;
YEAR_2045;GRID;5.766309506956452;;inf;
YEAR_2045;H2_ELECTROLYSIS;;;inf;
YEAR_2045;SYN_METHANATION;;;inf;
YEAR_2045;FERMENTATION_TO_BIOETHANOL;0.2765738303425633;;0.27657384;2228.9637467414873
YEAR_2045;ESTERIFICATION_TO_BIODIESEL;0.811682934;0.811682934;0.811682934;76.03287898598563
YEAR_2045;BIOMASS_TO_GASOLINE;1.521958698086881e-07;;inf;0.0010893246490181218
YEAR_2045;BIOMASS_TO_DIESEL;2.747111945053725e-07;;inf;0.0021822021643830747
YEAR_2045;BIOMASS_TO_JET_FUEL;2.818407410266142e-06;;inf;0.022465824781327633
YEAR_2045;POWER_TO_GASOLINE;1.261311758059371e-07;;inf;0.0006044162443420806
YEAR_2045;POWER_TO_DIESEL;1.369947246881535e-07;;inf;0.0006983439824125985
YEAR_2045;POWER_TO_JET_FUEL;0.1904735687021048;;inf;1390.2864947816404
YEAR_2045;H2_TO_GASOLINE;9.020324936960882e-08;;inf;3.7690947832385514e-06
YEAR_2045;H2_TO_DIESEL;8.983802289076636e-08;;inf;3.7195329731628008e-06
YEAR_2045;H2_TO_JET_FUEL;8.976270007540055e-08;;inf;3.7273984731718934e-06
YEAR_2050;CCGT;5.350963224509836e-07;;inf;1.674632232088054e-05
YEAR_2050;PV;28.44798067391642;0.1703;40000.0;58011.626089019635
YEAR_2050;WIND_ONSHORE;2.473040628903396;0.1728;260.0;6376.732053078485
YEAR_2050;HYDRO_DAM;6.094549995613737;0.56655;6.09455;20098.330591346847
YEAR_2050;HYDRO_RIVER;0.9062299994991744;0.65423;0.90623;4696.5615262846
YEAR_2050;GEOTHERMAL;0.8849999994954971;0.055;0.885;6731.978605251263
YEAR_2050;OCGT;6.069037259792039e-07;;inf;9.36939536154188e-06
YEAR_2050;GENSET_DIESEL;1.625525543701087e-06;;inf;0.0002733291651926311
YEAR_2050;ST_BIOMASS;0.2256300272359383;0.22563;1.694;0.000198439499025022
YEAR_2050;ST_SNG;0.001000197619313755;0.001;0.321;9.460943058034922e-05
YEAR_2050;FUEL_CELL;1.262874298100785e-06;;inf;3.7803074580187154e-06
YEAR_2050;CONVENTIONAL_BULB;;;inf;
YEAR_2050;LED_BULB;0.022098971677076;;inf;149.19941079730594
YEAR_2050;CONVENTIONAL_LIGHT;4.639446360990816e-08;;inf;0.00016805317005475027
YEAR_2050;LED_LIGHT;0.01084006329887466;;inf;73.18594550847007
YEAR_2050;IND_COGEN_WOOD;0.8989622287220596;;inf;0.000987432128622532
YEAR_2050;IND_BOILER_WOOD;2.139064039696108;;inf;498.7505298202091
YEAR_2050;IND_DIRECT_ELEC;2.568827155575611;;inf;21249.51291116804
YEAR_2050;IND_BOILER_DIESEL;2.756691178869773e-07;;inf;0.000354821740426193
YEAR_2050;IND_BOILER_LPG;1.953568075459155e-08;;inf;3.261787464073188e-05
YEAR_2050;DHN_BOILER_GAS;;;inf;
YEAR_2050;DHN_BOILER_OIL;;;inf;
YEAR_2050;DEC_BOILER_GAS;0.0668031426732637;;inf;1.4962702317098715e-05
YEAR_2050;DEC_SOLAR;167.9046;0.019300553;48700.0;813.0623381854052
YEAR_2050;DEC_DIRECT_ELEC;0.2583799297098696;;inf;978.7068297939472
YEAR_2050;IND_ELEC_COLD;;;inf;
YEAR_2050;DEC_ELEC_COLD;0.030317688520794;;inf;132.4043023107617
YEAR_2050;REFRIGERATOR_EL;0.05276407191780822;;inf;462.21327
YEAR_2050;STOVE_WOOD;6.092728291671522e-08;;inf;8.842040708566045e-05
YEAR_2050;STOVE_NG;0.5482660581638846;;inf;1.3218875859399606e-05
YEAR_2050;STOVE_OIL;4.444203810419288e-07;;inf;0.0004903808261474181
YEAR_2050;STOVE_ELEC;4.154877221542069;;inf;6824.385836382848
YEAR_2050;TRAMWAY_TROLLEY;0.1068781306151715;;inf;476.8660361198627
YEAR_2050;CAR_FG_PUBLIC;5.446524176861783e-08;;inf;2.362699568257991e-07
YEAR_2050;BUS_FG_PUBLIC;4.956268052199441e-08;;inf;7.653075359604283e-07
YEAR_2050;PICKUP_TRUCK_FG_PUBLIC;5.448679593586066e-08;;inf;6.289457277144885e-08
YEAR_2050;SUV_FG_PUBLIC;5.446869965205424e-08;;inf;1.5185071290608434e-07
YEAR_2050;MOTORCYCLE_FG_PUBLIC;9.729483484437124e-07;;inf;7.303763241331499e-07
YEAR_2050;CAR_GASOLINE_PUBLIC;5.592712942599463e-08;;inf;8.596614403358714e-06
YEAR_2050;BUS_GASOLINE_PUBLIC;5.073435171318603e-08;;inf;1.3643929156618228e-05
YEAR_2050;PICKUP_TRUCK_GASOLINE_PUBLIC;5.531903671641346e-08;;inf;3.2871092622672395e-06
YEAR_2050;SUV_GASOLINE_PUBLIC;5.560665643508296e-08;;inf;5.594083095813506e-06
YEAR_2050;MOTORCYCLE_GASOLINE_PUBLIC;9.736732190190308e-07;;inf;1.2262164777211199e-05
YEAR_2050;CAR_DIESEL_PUBLIC;5.415953279111934e-08;;inf;2.8107021638513625e-06
YEAR_2050;BUS_DIESEL_PUBLIC;5.042135090528683e-08;;inf;1.0592155316618604e-05
YEAR_2050;PICKUP_TRUCK_DIESEL_PUBLIC;5.397241061325391e-08;;inf;9.935884171735519e-07
YEAR_2050;SUV_DIESEL_PUBLIC;5.392605156918045e-08;;inf;6.809423612406055e-07
YEAR_2050;MOTORCYCLE_DIESEL_PUBLIC;9.733304558718535e-07;;inf;3.397367826913419e-06
YEAR_2050;BUS_ELEC_PUBLIC;4.341028680337681e-08;;inf;1.3584160941562138e-05
YEAR_2050;PICKUP_TRUCK_ELEC_PUBLIC;7.249055358844912e-08;;inf;1.6612153823360424e-05
YEAR_2050;SUV_ELEC_PUBLIC;7.249055349848337e-08;;inf;1.6612153972718862e-05
YEAR_2050;MOTORCYCLE_ELEC_PUBLIC;21.6688163947571;;inf;96681.35822963345
YEAR_2050;CAR_BEV;0.2654938899446027;;inf;184.4533683411677
YEAR_2050;CAR_FG_PRIVATE;1.744599126268176e-09;;inf;2.380267158014391e-07
YEAR_2050;BUS_FG_PRIVATE;2.318354535173242e-08;;inf;8.657698635955679e-07
YEAR_2050;PICKUP_TRUCK_FG_PRIVATE;1.090479521687377e-10;;inf;6.276920635900254e-08
YEAR_2050;SUV_FG_PRIVATE;6.54059184541728e-10;;inf;1.5099893463827968e-07
YEAR_2050;MOTORCYCLE_FG_PRIVATE;1.472026455923872e-08;;inf;7.316049726767413e-07
YEAR_2050;CAR_GASOLINE_PRIVATE;3.38915894597167e-09;;inf;1.5121660766869756e-05
YEAR_2050;BUS_GASOLINE_PRIVATE;6.183331349075716;;inf;27588.6261342243
YEAR_2050;PICKUP_TRUCK_GASOLINE_PRIVATE;6.64035312644269e-10;;inf;2.9627753950471908e-06
YEAR_2050;SUV_GASOLINE_PRIVATE;1.943133534375079e-09;;inf;8.66982239545699e-06
YEAR_2050;MOTORCYCLE_GASOLINE_PRIVATE;2.772653956919618e-09;;inf;1.2370954926823915e-05
YEAR_2050;CAR_DIESEL_PRIVATE;7.175146436713339e-10;;inf;3.2013880758692625e-06
YEAR_2050;BUS_DIESEL_PRIVATE;5.09365846044419e-09;;inf;2.272675213202496e-05
YEAR_2050;PICKUP_TRUCK_DIESEL_PRIVATE;2.885450619022951e-10;;inf;1.2874228124438085e-06
YEAR_2050;SUV_DIESEL_PRIVATE;2.907013191503604e-10;;inf;1.2970435446523416e-06
YEAR_2050;MOTORCYCLE_DIESEL_PRIVATE;7.615255021723416e-10;;inf;3.3977545735521094e-06
YEAR_2050;BUS_ELEC_PRIVATE;7.564009396187064e-08;;inf;0.0003374889934345152
YEAR_2050;PICKUP_TRUCK_ELEC_PRIVATE;1.440387554575467e-08;;inf;6.42668352837217e-05
YEAR_2050;SUV_ELEC_PRIVATE;1.440387555083097e-08;;inf;6.426683530637099e-05
YEAR_2050;MOTORCYCLE_ELEC_PRIVATE;76.69047214106446;;inf;342175.5433296065
YEAR_2050;TRAIN_FREIGHT;0.346321474221539;;inf;7.515189773321662e-05
YEAR_2050;TRAIN_FREIGHT_ELEC;0.359756978907848;;inf;1079.270832681103
YEAR_2050;BOAT_FREIGHT_DIESEL;0.05472354462501782;;inf;2.011724203533627e-05
YEAR_2050;BOAT_FREIGHT_ELEC;0.008445748039678392;;inf;73.98475282758271
YEAR_2050;TRUCK_ELEC;20.25359606558569;;inf;16427.91688103567
YEAR_2050;TRUCK_FG;0.3947519875338299;;inf;1.945094083410866e-07
YEAR_2050;VAN_FG;6.731306910687094e-11;;inf;2.7334355832812233e-08
YEAR_2050;TRUCK_GASOLINE;7.266687033864168e-09;;inf;6.212818070542529e-05
YEAR_2050;VAN_GASOLINE;2.428066569159439e-10;;inf;2.0759303086887192e-06
YEAR_2050;CARGO_MOTORCYCLE_GASOLINE;6.132367369244166e-10;;inf;5.371953815457889e-06
YEAR_2050;TRUCK_DIESEL_P;4.303892173765463e-10;;inf;3.6797097420359977e-06
YEAR_2050;VAN_DIESEL;7.740031629112297e-11;;inf;6.617514714452811e-07
YEAR_2050;CARGO_MOTORCYCLE_DIESEL;3.69133916953583e-11;;inf;3.233613112513387e-07
YEAR_2050;VAN_ELEC;9.836564891613005e-10;;inf;8.616830845052991e-06
YEAR_2050;CARGO_MOTORCYCLE_ELEC;4.050699478867914e-10;;inf;3.548412743488292e-06
YEAR_2050;AIR_LFO;3.008851493966178;;inf;3008.851490235212
YEAR_2050;COMM_MACHINERY_DIESEL;3.290144746266599e-07;;inf;0.00038625207884793004
YEAR_2050;COMM_MACHINERY_EL;0.01188407777464222;;inf;104.10419574792114
YEAR_2050;IND_MACHINERY_EL;0.2963249631278539;;inf;2595.806677
YEAR_2050;TRACTOR_DIESEL;1.788082467512036e-05;;inf;0.008037086074214555
YEAR_2050;TRACTOR_EL;0.007735140329326226;;inf;67.75191091392578
YEAR_2050;AGR_MACHINERY_DIESEL;3.045674723325953e-07;;inf;0.0001145020092448365
YEAR_2050;AGR_MACHINERY_EL;0.03533707899543379;;inf;309.5526974979908
YEAR_2050;MIN_MACHINERY_DIESEL;3.045529292089455e-07;;inf;0.00010860619520769443
YEAR_2050;MIN_MACHINERY_EL;0.3138238401826484;;inf;2749.096731393805
YEAR_2050;FISH_MACHINERY_DIESEL;3.08522599440364e-07;;inf;0.00014211722232257418
YEAR_2050;FISH_MACHINERY_EL;0.06938297853881278;;inf;607.7947498827776
YEAR_2050;OIL_TO_HVC;0.2715818651769986;;inf;841.747783422586
YEAR_2050;GAS_TO_HVC;7.048953797736256e-07;;inf;1.137245946176765e-05
YEAR_2050;BIOMASS_TO_HVC;0.2586053412100788;;inf;1537.3044457384958
YEAR_2050;DAM_STORAGE;567.58901;567.589;567.58901;-1180.2963247305881
YEAR_2050;BATT_LI;1.212261817367022e-05;;inf;-0.0008648558301272096
YEAR_2050;BEV_BATT;0.263386795579963;;inf;-3.720608140648989
YEAR_2050;H2_STORAGE;0.002758043471282812;;inf;-9.565141008942123e-06
YEAR_2050;GASOLINE_STORAGE;13374.23699936142;;inf;1.9748618740322854e-08
YEAR_2050;DIESEL_STORAGE;16174.76943538924;;inf;5.6875464338190795e-09
YEAR_2050;LFO_STORAGE;17221.31991205575;;inf;1.1976545977177011e-08
YEAR_2050;LPG_STORAGE;15952.00577993663;;inf;-2.4563251344034143e-07
YEAR_2050;EFFICIENCY;1.0;;inf;
YEAR_2050;GRID;14.88893350872967;;inf;
YEAR_2050;H2_ELECTROLYSIS;;;inf;
YEAR_2050;SYN_METHANATION;;;inf;
YEAR_2050;FERMENTATION_TO_BIOETHANOL;2.650587541697658e-07;;0.27657384;0.0002007782523694535
YEAR_2050;ESTERIFICATION_TO_BIODIESEL;0.811682934;0.811682934;0.811682934;0.0001350272522842905
YEAR_2050;BIOMASS_TO_GASOLINE;1.290434775190525e-07;;inf;0.0002071523178473904
YEAR_2050;BIOMASS_TO_DIESEL;2.493165001089198e-07;;inf;0.00027970441635043956
YEAR_2050;BIOMASS_TO_JET_FUEL;2.778497786717838e-06;;inf;0.00038273749324303574
YEAR_2050;POWER_TO_GASOLINE;3.712184594830689e-07;;inf;0.0015351065284437474
YEAR_2050;POWER_TO_DIESEL;2.468484651756278e-06;;inf;0.014258173982558135
YEAR_2050;POWER_TO_JET_FUEL;0.4835133081601636;;inf;2974.69965517975
YEAR_2050;H2_TO_GASOLINE;2.749845589335342e-07;;inf;3.77398932436436e-06
YEAR_2050;H2_TO_DIESEL;2.734008055985007e-07;;inf;3.700917813750345e-06
YEAR_2050;H2_TO_JET_FUEL;2.736356631634763e-07;;inf;3.7757508229846936e-06
