Years;Elements;GWP_constr;GWP_op
YEAR_2021;CCGT;10.972189484000001;
YEAR_2021;PV;11.815584300000001;
YEAR_2021;WIND_ONSHORE;2.6533409999999997;
YEAR_2021;HYDRO_DAM;4.6966864581;
YEAR_2021;HYDRO_RIVER;4.593128903999999;
YEAR_2021;OCGT;7.728957628000001;
YEAR_2021;GENSET_DIESEL;2.352585651;
YEAR_2021;ST_BIOMASS;0.69785793;
YEAR_2021;ST_SNG;0.034143999999999994;
YEAR_2021;IND_BOILER_GAS;0.7014259690447059;
YEAR_2021;IND_BOILER_WOOD;1.0619741752182352;
YEAR_2021;IND_BOILER_OIL;0.001140273272664456;
YEAR_2021;IND_BOILER_DIESEL;4.524889716411968;
YEAR_2021;IND_BOILER_LPG;0.012876365402352942;
YEAR_2021;DEC_BOILER_GAS;0.024288866689411766;
YEAR_2021;DEC_SOLAR;0.0654961718088;
YEAR_2021;DEC_DIRECT_ELEC;0.016810685969283708;
YEAR_2021;DEC_ELEC_COLD;0.18488099361497007;
YEAR_2021;STOVE_WOOD;0.10746801749999998;
YEAR_2021;STOVE_LPG;3.186420420091512;
YEAR_2021;STOVE_NG;0.9628559324999999;
YEAR_2021;STOVE_OIL;0.0148419975;
YEAR_2021;STOVE_ELEC;0.2688419475;
YEAR_2021;GASOLINE;;6314.066639496171
YEAR_2021;DIESEL;;6828.65829899142
YEAR_2021;LFO;;469.8752541995873
YEAR_2021;GAS;;9043.55510200861
YEAR_2021;WOOD;;76.15163531961585
YEAR_2021;WET_BIOMASS;;24.38573353395582
YEAR_2021;LPG;;1710.82162117417
YEAR_2025;CCGT;10.972189483224446;
YEAR_2025;PV;11.815584300000001;
YEAR_2025;WIND_ONSHORE;3.587616;
YEAR_2025;HYDRO_DAM;4.6966864581;
YEAR_2025;HYDRO_RIVER;4.593128903999999;
YEAR_2025;GEOTHERMAL;2.492909;
YEAR_2025;OCGT;6.21059381227412;
YEAR_2025;GENSET_DIESEL;3.637368232273471e-05;
YEAR_2025;ST_BIOMASS;1.2434469300000002;
YEAR_2025;ST_SNG;0.034143999999999994;
YEAR_2025;IND_COGEN_WOOD;8.284648597309053;
YEAR_2025;IND_BOILER_GAS;0.7014187219858823;
YEAR_2025;IND_BOILER_WOOD;1.0619741752182352;
YEAR_2025;IND_BOILER_OIL;0.00113793946040838;
YEAR_2025;IND_DIRECT_ELEC;2.638452107331618e-08;
YEAR_2025;IND_BOILER_DIESEL;4.524889716411968;
YEAR_2025;IND_BOILER_LPG;0.012876365402352942;
YEAR_2025;DEC_BOILER_GAS;0.045856288422549095;
YEAR_2025;DEC_SOLAR;1485.75422448;
YEAR_2025;DEC_DIRECT_ELEC;0.016810685969283708;
YEAR_2025;DEC_ELEC_COLD;0.1950637881576828;
YEAR_2025;STOVE_WOOD;0.10746801749999998;
YEAR_2025;STOVE_LPG;968218.2965450895;
YEAR_2025;STOVE_NG;4.5597076942001005;
YEAR_2025;STOVE_OIL;0.0148419975;
YEAR_2025;STOVE_ELEC;0.2688419475;
YEAR_2025;BATT_LI;2.143716279947069e-06;
YEAR_2025;GASOLINE;;1382.25927249015
YEAR_2025;DIESEL;;3.457745390803234e-05
YEAR_2025;LFO;;351.0881624844061
YEAR_2025;GAS;;18074.65173543268
YEAR_2025;WOOD;;153.5452042525062
YEAR_2025;WET_BIOMASS;;70.93159028015297
YEAR_2025;LPG;;0.0008246645878451901
YEAR_2030;CCGT;10.972189481802785;
YEAR_2030;PV;145.72818948454648;
YEAR_2030;WIND_ONSHORE;3.587617138986313;
YEAR_2030;HYDRO_DAM;4.6966864581;
YEAR_2030;HYDRO_RIVER;4.593128903999999;
YEAR_2030;GEOTHERMAL;27.421999;
YEAR_2030;OCGT;2.6078569042978854;
YEAR_2030;GENSET_DIESEL;3.628191495605598e-05;
YEAR_2030;ST_BIOMASS;1.2434469813682216;
YEAR_2030;ST_SNG;0.034143999999999994;
YEAR_2030;IND_COGEN_WOOD;12.146841816266308;
YEAR_2030;IND_BOILER_GAS;0.7014187219858823;
YEAR_2030;IND_BOILER_WOOD;1.0619741752182352;
YEAR_2030;IND_BOILER_OIL;0.001137948082431479;
YEAR_2030;IND_DIRECT_ELEC;2.638452107331618e-08;
YEAR_2030;IND_BOILER_DIESEL;4.524889716411968;
YEAR_2030;IND_BOILER_LPG;0.012876365402352942;
YEAR_2030;DEC_BOILER_GAS;0.17179178310273224;
YEAR_2030;DEC_SOLAR;1485.75422448;
YEAR_2030;DEC_DIRECT_ELEC;0.016810685969283708;
YEAR_2030;DEC_ELEC_COLD;0.20745206356196508;
YEAR_2030;STOVE_WOOD;5.089983178662981e-07;
YEAR_2030;STOVE_LPG;968049.0353494821;
YEAR_2030;STOVE_NG;4.8492892712919256;
YEAR_2030;STOVE_OIL;2.22062044807017e-07;
YEAR_2030;STOVE_ELEC;2.112270421204084e-06;
YEAR_2030;BATT_LI;3.109704969238988e-06;
YEAR_2030;GASOLINE;;6.907270680236756e-05
YEAR_2030;DIESEL;;3.625098780389284e-05
YEAR_2030;LFO;;373.3853538693116
YEAR_2030;GAS;;15795.48246036752
YEAR_2030;WOOD;;358.145525454762
YEAR_2030;WET_BIOMASS;;138.9847342898359
YEAR_2030;LPG;;0.001823824055560413
YEAR_2035;CCGT;10.972189503512135;
YEAR_2035;PV;247.37155311795217;
YEAR_2035;WIND_ONSHORE;3.587618221206163;
YEAR_2035;HYDRO_DAM;4.6966864581;
YEAR_2035;HYDRO_RIVER;4.593128903999999;
YEAR_2035;GEOTHERMAL;441.2448923248626;
YEAR_2035;OCGT;5.0907451098258405e-06;
YEAR_2035;GENSET_DIESEL;3.624793528821333e-05;
YEAR_2035;ST_BIOMASS;1.2434470162192122;
YEAR_2035;ST_SNG;0.03414433758899157;
YEAR_2035;IND_COGEN_WOOD;12.63938756646247;
YEAR_2035;IND_BOILER_GAS;0.7014187219858823;
YEAR_2035;IND_BOILER_WOOD;1.0619741752182352;
YEAR_2035;IND_BOILER_OIL;0.0011379322256949136;
YEAR_2035;IND_DIRECT_ELEC;2.638452107331618e-08;
YEAR_2035;IND_BOILER_DIESEL;4.524889716411968;
YEAR_2035;IND_BOILER_LPG;0.012876365402352942;
YEAR_2035;DEC_BOILER_GAS;0.28119483204512397;
YEAR_2035;DEC_SOLAR;1485.75422448;
YEAR_2035;DEC_DIRECT_ELEC;5.903032066408156e-09;
YEAR_2035;DEC_ELEC_COLD;0.21927111165761043;
YEAR_2035;STOVE_WOOD;6.381286328129924e-07;
YEAR_2035;STOVE_NG;5.12556509101998;
YEAR_2035;STOVE_OIL;2.916163808302188e-07;
YEAR_2035;STOVE_ELEC;3.314368169726214e-06;
YEAR_2035;BATT_LI;3.890208328929494e-06;
YEAR_2035;GASOLINE;;7.512196215272883e-05
YEAR_2035;DIESEL;;4.984309228157739e-05
YEAR_2035;LFO;;394.6578485663588
YEAR_2035;GAS;;11619.567936433
YEAR_2035;WOOD;;345.5791560900883
YEAR_2035;WET_BIOMASS;;139.1945913890833
YEAR_2035;LPG;;0.0003449209416863613
YEAR_2040;CCGT;10.97218943697406;
YEAR_2040;PV;247.3715559913646;
YEAR_2040;WIND_ONSHORE;3.5876190951248366;
YEAR_2040;HYDRO_DAM;76.89721903398446;
YEAR_2040;HYDRO_RIVER;11.444053646766632;
YEAR_2040;GEOTHERMAL;441.244892360001;
YEAR_2040;OCGT;5.017267849188748e-06;
YEAR_2040;GENSET_DIESEL;3.6365000994686086e-05;
YEAR_2040;ST_BIOMASS;1.2434469827238708;
YEAR_2040;ST_SNG;0.0341450126277914;
YEAR_2040;IND_COGEN_WOOD;14.22966560829378;
YEAR_2040;IND_BOILER_WOOD;3.6543167961907206;
YEAR_2040;IND_DIRECT_ELEC;0.21087951044632575;
YEAR_2040;IND_BOILER_DIESEL;4.524889716411968;
YEAR_2040;IND_BOILER_LPG;0.012876365402352942;
YEAR_2040;DEC_BOILER_GAS;0.29542006018260863;
YEAR_2040;DEC_SOLAR;1485.75422448;
YEAR_2040;DEC_DIRECT_ELEC;1.9438146632964433e-08;
YEAR_2040;DEC_ELEC_COLD;0.23036384218423311;
YEAR_2040;STOVE_WOOD;1.016268284520289e-06;
YEAR_2040;STOVE_NG;5.384833364590811;
YEAR_2040;STOVE_OIL;4.6535860708490543e-07;
YEAR_2040;STOVE_ELEC;17.88134870871178;
YEAR_2040;BATT_LI;6.09851791918433e-06;
YEAR_2040;GASOLINE;;6.160600182119962e-05
YEAR_2040;DIESEL;;7.375796979013789e-05
YEAR_2040;LFO;;414.6083004529363
YEAR_2040;GAS;;7622.979191494054
YEAR_2040;WOOD;;215.6995313738576
YEAR_2040;WET_BIOMASS;;78.71205492801964
YEAR_2040;LPG;;0.0007806958653302793
YEAR_2045;CCGT;7.6602848528502;
YEAR_2045;PV;739.8665668605274;
YEAR_2045;WIND_ONSHORE;3.5876476230208967;
YEAR_2045;HYDRO_DAM;76.96319620738187;
YEAR_2045;HYDRO_RIVER;11.44405366845171;
YEAR_2045;GEOTHERMAL;441.2448924661458;
YEAR_2045;OCGT;4.975650653332036e-06;
YEAR_2045;GENSET_DIESEL;3.6985581580045244e-05;
YEAR_2045;ST_BIOMASS;1.243446962432839;
YEAR_2045;ST_SNG;0.03414593335652493;
YEAR_2045;IND_COGEN_WOOD;14.22966560829378;
YEAR_2045;IND_BOILER_WOOD;3.9381259285188115;
YEAR_2045;IND_DIRECT_ELEC;0.22725689062639368;
YEAR_2045;IND_BOILER_DIESEL;2.162270207122411e-06;
YEAR_2045;IND_BOILER_LPG;0.012876365402352942;
YEAR_2045;DEC_BOILER_GAS;0.19227824182351705;
YEAR_2045;DEC_SOLAR;1485.75422448;
YEAR_2045;DEC_DIRECT_ELEC;0.009186619081540887;
YEAR_2045;DEC_ELEC_COLD;0.24061949926851325;
YEAR_2045;STOVE_WOOD;1.344092591448959e-06;
YEAR_2045;STOVE_NG;5.6237012193917915;
YEAR_2045;STOVE_OIL;6.612555835254845e-07;
YEAR_2045;STOVE_ELEC;26.655651984969147;
YEAR_2045;BATT_LI;1.2637545891869786e-05;
YEAR_2045;GASOLINE;;8.024873331523642e-05
YEAR_2045;DIESEL;;8.910369243210612e-05
YEAR_2045;LFO;;0.0008932961015314857
YEAR_2045;GAS;;3862.695107954856
YEAR_2045;WOOD;;224.6532843179775
YEAR_2045;WET_BIOMASS;;77.64960577377201
YEAR_2045;LPG;;0.000937306511436878
YEAR_2050;CCGT;3.933814124130651e-06;
YEAR_2050;PV;1973.7493471369949;
YEAR_2050;WIND_ONSHORE;51.344445190415996;
YEAR_2050;HYDRO_DAM;76.96319625460939;
YEAR_2050;HYDRO_RIVER;11.44405367967547;
YEAR_2050;GEOTHERMAL;441.244892748464;
YEAR_2050;OCGT;4.461713431908716e-06;
YEAR_2050;GENSET_DIESEL;3.358660878395186e-05;
YEAR_2050;ST_BIOMASS;1.2434470800972557;
YEAR_2050;ST_SNG;0.034150747513848834;
YEAR_2050;IND_COGEN_WOOD;5.945017010984724;
YEAR_2050;IND_BOILER_WOOD;3.632634048589802;
YEAR_2050;IND_DIRECT_ELEC;0.2517450612464099;
YEAR_2050;IND_BOILER_DIESEL;5.6958753137807235e-06;
YEAR_2050;IND_BOILER_LPG;1.415762275862164e-08;
YEAR_2050;DEC_BOILER_GAS;0.08287519288112535;
YEAR_2050;DEC_SOLAR;1485.75422448;
YEAR_2050;DEC_DIRECT_ELEC;0.02532123311156722;
YEAR_2050;DEC_ELEC_COLD;0.24995418300968608;
YEAR_2050;STOVE_WOOD;4.5695462187536414e-07;
YEAR_2050;STOVE_NG;4.111995436229135;
YEAR_2050;STOVE_OIL;3.3331528578144663e-06;
YEAR_2050;STOVE_ELEC;31.16157916156552;
YEAR_2050;BATT_LI;4.954109960306564e-05;
YEAR_2050;GASOLINE;;6.739368397614871e-06
YEAR_2050;DIESEL;;6.705917380610284e-06
YEAR_2050;LFO;;6.938994501106877e-06
YEAR_2050;GAS;;1.666841954210343e-05
YEAR_2050;WOOD;;49.99992629367934
YEAR_2050;WET_BIOMASS;;2.832578646501588e-05
YEAR_2050;LPG;;1.417821817467702e-05
